IMG_20230313_152029.jpg,down,1568.6428,1227.2025,-2020.4673,1600.2654,1171.326,-1926.3064,1629.3665,1173.5394,-1926.7275,1653.908,1176.6343,-1926.9591,1520.6619,1171.7437,-1926.7386,1494.8898,1175.4609,-1926.6335,1475.511,1181.6478,-1926.9247,1682.271,1217.6727,-1249.4829,1438.0068,1234.425,-1258.3855,1630.2932,1307.3296,-1760.2168,1526.3127,1308.6562,-1760.7352,1888.7318,1669.73,-784.2688,1255.0449,1661.7234,-814.1478,1936.4014,2158.1626,-583.4977,1150.5471,2140.8213,-497.82745,1930.8666,2567.2505,-1449.6952,1096.129,2548.7578,-1060.8796,1941.5219,2703.024,-1672.3054,1046.8326,2670.2834,-1245.0376,1902.9846,2692.311,-1897.7662,1077.9739,2680.6892,-1479.279,1883.4619,2657.7512,-1548.9294,1110.4531,2642.014,-1166.3198,1717.8029,2595.722,58.315395,1350.4615,2574.362,-58.71408,1639.3069,3269.238,30.481585,1236.8928,3210.7126,-391.9124,1514.7375,3837.2148,1416.9545,1354.1456,3191.5654,2102.9097,1451.1141,3923.74,1528.7765,1407.1161,3161.9033,2352.313,1581.9946,4086.5874,932.5718,1345.0781,3399.1338,2157.7593
IMG_20230313_152030.jpg,down,1466.2897,875.46936,-2119.762,1493.3457,822.20166,-2004.7163,1516.969,825.19763,-2004.8818,1538.9791,828.3109,-2004.7175,1411.6276,817.9911,-2035.0938,1382.7727,820.42236,-2035.1107,1355.6204,825.00146,-2035.4835,1558.7031,869.2523,-1287.0189,1308.6144,880.48157,-1443.9722,1512.864,946.3987,-1852.832,1419.2386,949.39526,-1895.5527,1738.2915,1329.9197,-749.6886,1134.4165,1338.0269,-1099.3037,1815.8738,1809.5449,-391.86383,1036.7775,1817.7406,-904.84314,1799.2644,2202.1238,-1037.9225,1016.096,2206.7705,-1374.1943,1814.8605,2336.7402,-1209.1243,997.2218,2349.3228,-1566.2493,1775.2598,2324.0051,-1414.043,1028.0327,2343.0127,-1759.3623,1756.1614,2286.428,-1125.0648,1047.7616,2293.322,-1459.9401,1578.7881,2233.0945,156.1192,1222.7479,2203.6406,-157.20609,1538.19,2897.952,227.74875,1172.0159,2770.6484,-509.12506,1434.0559,3475.4858,1539.8024,1208.3618,2836.7502,1869.7722,1375.0366,3562.4497,1636.7856,1216.8507,2824.2212,2102.8716,1540.893,3755.0237,1018.4375,1213.0457,3091.8745,1818.4918
IMG_20230313_152033.jpg,down,1507.3646,1186.737,-1958.1235,1562.053,1115.6702,-1891.4594,1596.4353,1115.9135,-1891.9032,1627.3392,1118.1576,-1892.102,1484.774,1120.877,-1838.2,1464.5288,1123.9672,-1838.1002,1447.398,1127.2927,-1838.2019,1680.1007,1155.8148,-1402.6974,1451.2812,1162.9031,-1155.6311,1574.7759,1253.8376,-1772.9062,1479.9834,1259.4062,-1701.5903,1864.2762,1609.5935,-1125.1334,1300.9949,1556.5217,-693.15466,1846.6403,2122.0835,-1024.1382,1247.0797,2009.7921,-312.50745,1764.4277,2461.6602,-1492.4658,1197.2274,2373.1724,-830.3861,1747.7151,2574.496,-1659.0137,1183.1244,2465.2498,-986.12964,1705.2678,2563.6448,-1796.3135,1191.2502,2477.2231,-1148.9398,1693.4495,2527.8022,-1544.5051,1203.7046,2442.1619,-910.9691,1600.9097,2358.6433,-98.32547,1281.445,2307.576,98.05043,1508.9323,2963.8945,-137.1238,984.16785,2841.2456,-522.5231,1430.71,3373.8623,1666.7905,1397.644,2783.1262,1843.1072,1408.1426,3422.123,1829.331,1449.4084,2747.3506,2093.1628,1395.9878,3639.6028,1328.2275,1421.4362,3023.6885,1973.011
IMG_20230313_152035.jpg,down,1495.3795,801.4464,-1727.9304,1540.8318,729.91736,-1664.5023,1576.1444,730.6848,-1664.9514,1613.8188,733.6167,-1665.2168,1476.7988,740.5897,-1591.7421,1459.8142,746.70825,-1591.5698,1443.2081,752.1394,-1591.6724,1693.2263,781.577,-1209.9011,1468.473,795.563,-871.1769,1570.5652,871.58655,-1557.746,1486.8665,876.0636,-1459.595,1916.7666,1228.313,-1026.8661,1350.2852,1257.0773,-362.2693,1950.0623,1728.6842,-1038.8341,1320.999,1706.2015,6.2339845,1881.245,2133.5247,-1608.0593,1260.1008,2058.5562,-649.328,1872.3694,2264.2683,-1811.6876,1237.3538,2153.1313,-835.02515,1820.2595,2244.3096,-1937.1582,1241.788,2144.1836,-1011.03467,1804.5029,2200.511,-1655.0208,1260.1277,2118.2195,-741.03546,1718.3943,2107.444,-165.77605,1389.4037,2065.6196,165.61879,1657.7642,2736.273,-213.48605,1106.3108,2589.236,-926.7667,1608.5625,3223.5542,1533.0938,1530.956,2627.003,1368.0999,1599.7527,3279.0845,1681.0479,1615.0005,2606.5981,1600.592,1570.8606,3502.3381,1068.0027,1529.0803,2898.0151,1393.4122
IMG_20230313_152039.jpg,down,1471.7205,1235.843,-1171.4937,1507.3434,1180.4366,-1207.9133,1521.6698,1179.2644,-1208.1392,1538.8904,1177.8734,-1208.3702,1487.0088,1181.6896,-1054.819,1486.3738,1181.6635,-1054.6543,1485.6836,1181.6118,-1054.7068,1636.3188,1203.1942,-1150.172,1561.8079,1204.998,-456.17285,1513.5035,1292.4482,-1139.8738,1489.831,1293.8069,-939.31915,1786.3502,1522.5281,-1346.8594,1555.0076,1537.3972,240.89278,1762.01,1981.3845,-1548.36,1505.9954,1911.9282,577.7396,1691.4336,2348.585,-1747.7097,1429.6953,2109.0662,-0.94900596,1688.2488,2464.3696,-1943.4622,1404.1162,2176.2935,-108.60156,1632.2383,2438.792,-1988.0244,1390.4855,2146.4744,-265.02835,1622.8816,2401.859,-1754.993,1412.0039,2123.9497,-91.20123,1666.7463,2282.46,-489.42596,1477.6769,2248.7747,489.5269,1593.7218,2821.1223,-605.7903,1150.3577,2601.2195,244.97656,1621.478,3306.252,171.21228,1589.0779,2779.7305,1548.4193,1687.7788,3389.1392,213.43973,1699.983,2771.4707,1672.866,1440.8517,3539.855,-412.68073,1610.0396,3009.18,1508.5911
IMG_20230313_152040.jpg,down,1333.0791,1060.5593,-912.8146,1364.3911,998.6062,-967.64233,1378.6982,995.9724,-967.76575,1394.4585,993.8734,-967.8574,1345.1077,1003.50684,-803.9903,1345.5624,1003.8203,-803.83057,1346.206,1003.9177,-803.84534,1494.8586,1011.7915,-1004.23706,1439.1517,1013.28467,-267.62766,1383.2415,1111.4338,-919.0252,1355.4,1117.9606,-705.952,1637.5642,1323.3103,-1375.1472,1444.1136,1347.4097,357.72873,1625.4913,1780.8308,-1706.459,1413.9446,1770.6356,552.4167,1548.185,2178.1145,-1797.8682,1299.5869,2115.6704,70.553986,1571.5858,2298.4653,-1985.3903,1253.4663,2209.8457,-3.8730447,1504.4852,2284.0757,-1978.9706,1238.5931,2219.161,-165.48105,1489.3218,2255.1208,-1784.1589,1270.9196,2190.4504,-22.128006,1557.0267,2143.8086,-521.6325,1359.5269,2124.7952,521.5285,1513.0477,2649.8096,-745.4573,1043.75,2485.1316,111.03618,1558.3188,3214.0076,-0.8182881,1488.1306,2661.9236,1236.2551,1611.5234,3289.1233,43.16816,1576.0112,2654.475,1342.7467,1359.0302,3447.4082,-552.74243,1502.5555,2888.961,1208.3784
IMG_20230313_152045.jpg,down,1450.6611,1570.1647,-546.7983,1470.3715,1522.8356,-665.3012,1475.5581,1522.2902,-665.62695,1481.5061,1522.1704,-665.97125,1472.6896,1522.4583,-505.32028,1478.9373,1521.4279,-505.04892,1486.0336,1520.3163,-505.29913,1549.3228,1549.621,-1002.40076,1559.7235,1546.4391,-294.2185,1475.3777,1620.3059,-650.6061,1475.3938,1621.0178,-445.26038,1569.6552,1885.9346,-1399.4628,1695.6035,1852.1892,223.08917,1510.9685,2353.6953,-1471.0431,1751.6313,2271.3027,475.2681,1414.2478,2724.3135,-1227.4912,1654.9353,2551.4607,299.1944,1407.831,2809.5261,-1398.6339,1624.8975,2632.7822,266.7672,1400.6615,2795.3457,-1410.1447,1587.4963,2662.5398,130.22897,1403.0312,2762.0742,-1223.2388,1598.6027,2646.457,228.93672,1550.1105,2665.6423,-486.61935,1629.623,2616.2388,485.50134,1542.032,3172.7793,311.32385,1582.4205,3043.3323,1435.0508,1640.4502,3616.8127,1019.0118,1685.6788,3435.685,2412.9404,1709.539,3703.5027,1064.336,1745.9512,3512.1475,2504.9482,1418.4728,3707.9678,703.5111,1509.6582,3491.1995,2379.751
IMG_20230313_152047.jpg,down,1435.6821,1400.0325,-430.4687,1456.4205,1345.4214,-559.56433,1462.1901,1343.4402,-559.77814,1468.8702,1341.5498,-559.9573,1458.086,1345.0719,-382.23886,1464.4532,1342.7402,-382.01102,1471.8568,1340.3357,-382.3318,1537.2689,1356.6406,-892.2065,1545.9861,1356.1416,-101.66853,1465.1609,1448.1194,-527.27734,1467.1107,1447.6848,-298.03848,1541.002,1664.976,-1368.5839,1730.0156,1647.967,504.8719,1444.6498,2132.2502,-1572.1804,1680.0847,2072.977,696.0581,1387.3658,2529.4768,-1318.2964,1646.9623,2387.1096,427.21777,1389.9065,2619.754,-1489.1252,1621.1123,2464.7493,432.1308,1384.8416,2621.7559,-1455.1807,1601.8574,2478.493,279.21255,1387.3032,2583.2546,-1297.5803,1592.402,2463.522,351.72937,1525.7224,2495.767,-573.42834,1617.5098,2471.8196,572.4973,1487.913,2978.8625,58.593513,1540.0609,2955.4666,994.38025,1674.4508,3381.1104,957.34186,1657.021,3456.9146,1743.5186,1852.124,3395.6409,1036.4567,1735.0756,3547.4321,1804.3378,1585.8263,3463.9436,848.5437,1437.4974,3587.0598,1628.1194
IMG_20230313_152048.jpg,down,1328.7118,1124.5966,81.46925,1344.7917,1066.6241,-78.30919,1349.0386,1065.3704,-78.47336,1353.6222,1064.4088,-78.56073,1350.0436,1064.9518,103.81314,1358.2737,1062.4114,104.02449,1368.0084,1059.8073,103.64848,1415.0686,1082.6034,-594.91986,1446.3599,1076.1913,220.21878,1358.6489,1174.5659,-83.69597,1365.1106,1174.8809,152.25638,1411.5684,1370.3108,-1200.1815,1668.7393,1372.2546,675.2471,1340.0682,1836.2014,-1407.1567,1627.1035,1798.7544,853.6072,1318.7402,2235.8003,-1090.0695,1559.3661,2120.9236,647.8999,1312.1011,2322.6772,-1221.3109,1554.7598,2212.2542,666.0923,1303.2654,2319.7422,-1190.2686,1510.0194,2226.0164,517.89197,1308.9752,2292.0374,-1070.3325,1502.7311,2201.4722,569.17456,1440.2776,2215.1611,-599.0823,1563.4766,2195.943,597.62683,1433.6409,2755.7004,-37.90763,1482.8922,2710.055,1038.4163,1605.9697,3323.8647,577.6099,1662.8721,3160.9854,1788.2325,1692.3325,3426.7495,620.45496,1740.6997,3227.2358,1857.8779,1369.8463,3441.6914,284.63986,1501.5226,3285.3845,1695.4603
IMG_20230313_152052.jpg,down,1642.4601,1850.7505,484.6549,1628.4089,1811.7225,328.5086,1613.6385,1814.2709,328.4215,1597.7434,1817.9155,328.2652,1668.3237,1810.1221,361.11127,1682.4075,1811.3865,361.0869,1698.1089,1814.0938,360.5822,1584.2897,1854.665,-201.51302,1726.2834,1853.8726,-62.594433,1620.9761,1903.0865,328.596,1662.5239,1902.0399,366.7728,1429.6144,2162.0886,-574.2438,1880.8224,2125.054,-81.159676,1379.9958,2555.7092,-465.81042,1941.367,2498.6462,95.133514,1396.9463,2844.9412,-74.555824,1900.3414,2730.8853,333.69485,1409.77,2921.5771,-88.94891,1884.9375,2815.4915,344.56635,1423.3113,2909.9192,-94.53326,1868.1213,2803.6277,329.3927,1429.297,2883.2568,-70.35701,1864.1056,2775.5454,327.07962,1572.6428,2862.6396,-290.04297,1821.582,2827.4204,288.39484,1634.1418,3351.3809,415.92108,1777.7559,3067.5264,1445.1569,1719.7466,3816.7039,1038.3259,1869.6727,3379.124,2546.0073,1767.6442,3944.166,1105.1289,1866.7708,3522.3298,2665.3257,1558.1069,3801.8027,949.2699,1778.2576,3514.188,2715.001
IMG_20230313_152054.jpg,down,1416.337,1267.3695,731.10364,1392.8276,1226.0126,561.5745,1378.1572,1227.9761,561.4504,1363.8344,1230.574,561.2023,1439.7358,1224.2198,588.0646,1455.5863,1224.8092,588.11865,1471.1633,1226.3329,587.6586,1357.3164,1262.8805,-40.411743,1504.4891,1259.17,67.50833,1395.7493,1317.5247,547.67926,1445.367,1318.0771,576.7241,1236.3091,1571.0966,-498.80817,1702.0419,1544.3854,-5.1480665,1214.698,1980.6221,-431.48956,1786.8657,1932.6564,27.831371,1239.4817,2324.8433,-42.04415,1788.6094,2210.5151,143.25739,1257.2759,2401.9412,-70.85388,1786.485,2308.573,132.97829,1272.259,2389.6577,-78.062675,1774.7322,2295.4739,135.76685,1277.8911,2365.2144,-37.82383,1764.2538,2262.6323,137.46463,1447.2352,2319.0818,-317.61627,1689.5022,2279.8787,316.1273,1514.4103,2812.482,373.1224,1649.7839,2589.2256,1381.5748,1667.3186,3339.913,1023.93774,1759.8241,2881.92,2474.17,1711.8047,3438.119,1090.1099,1774.9999,3040.2417,2591.0176,1507.4156,3372.3132,872.6719,1677.5249,3038.729,2575.561
IMG_20230313_152058.jpg,down,1641.2252,1621.6904,310.1829,1612.5562,1579.3851,234.17075,1595.3145,1578.6921,234.02112,1577.5887,1578.8029,233.99487,1648.3994,1581.9237,167.15489,1656.7676,1582.5935,167.2125,1665.5527,1583.7517,166.69604,1543.3464,1604.064,-21.897852,1657.8154,1603.2606,-326.232,1614.5703,1666.706,248.22409,1649.7444,1666.5557,161.18167,1377.2383,1899.1486,133.83762,1759.8904,1886.1318,-719.8198,1344.3312,2211.8245,255.38914,1816.1554,2240.6582,-702.9228,1460.1484,2451.0347,303.47937,1887.9868,2518.048,-398.73743,1463.4153,2527.142,336.89075,1893.6193,2603.3706,-426.12036,1502.0592,2513.3677,276.60492,1876.5143,2596.836,-405.75577,1509.0703,2491.519,280.0136,1866.863,2563.2278,-382.86664,1537.8489,2530.6533,297.15314,1725.9519,2500.8162,-299.24423,1570.7238,2989.7695,969.0518,1932.0684,2715.635,406.60162,1625.4963,3390.4902,1174.6492,1741.9677,3013.3176,1048.7385,1635.5054,3452.4453,1193.3483,1676.4226,3029.5854,1125.2432,1732.479,3429.2212,1147.0059,1761.8059,3172.4282,1219.2942
IMG_20230313_152100.jpg,down,1341.248,1385.201,353.54504,1311.9153,1342.574,304.25766,1297.2288,1343.1313,304.06796,1281.6003,1344.5386,304.00494,1336.643,1339.581,199.35458,1340.6934,1338.0271,199.22675,1344.349,1336.9473,198.71838,1232.3484,1368.6821,143.35205,1326.7485,1356.458,-334.30722,1310.7644,1429.7893,324.58936,1338.5442,1425.5466,186.87775,1063.266,1673.5054,354.5261,1435.3911,1603.9424,-778.89276,1083.5438,2022.5344,480.32953,1536.6252,1969.3517,-850.3061,1232.1174,2279.608,514.1,1655.9623,2263.9265,-558.31384,1210.0193,2358.81,565.7346,1684.3489,2356.5645,-602.6017,1245.9581,2336.0608,488.01315,1665.9811,2354.4412,-550.6876,1284.3916,2320.0203,481.0502,1645.5137,2323.8801,-528.6366,1258.8184,2353.253,377.7111,1465.2705,2287.9158,-379.88385,1372.6235,2834.8362,842.5414,1747.311,2505.3936,74.476166,1480.0546,3352.7908,769.56824,1530.7043,2843.0962,620.1099,1509.2437,3424.5078,753.3956,1463.0355,2853.5776,682.92,1497.5974,3433.184,569.21606,1573.9766,3063.7983,702.74854
IMG_20230313_152103.jpg,down,1862.1135,1497.6458,-372.97794,1833.7408,1453.8359,-334.0471,1827.5242,1452.1174,-334.13266,1820.9198,1450.7576,-334.1164,1833.8916,1455.6362,-483.21326,1828.3296,1455.0618,-483.02838,1822.362,1454.6875,-483.3407,1764.6956,1468.1974,-111.23537,1773.4248,1470.0029,-786.7838,1837.3464,1535.2825,-267.58966,1837.8555,1537.6714,-462.0563,1606.2295,1714.0198,355.10333,1723.781,1723.9067,-1071.9795,1628.5288,2034.6794,525.19617,1777.4,2090.5374,-1216.4072,1726.9135,2272.3853,337.31128,1847.0753,2426.9773,-1098.6464,1751.395,2329.5916,347.76276,1857.9678,2505.6372,-1234.3391,1772.8406,2316.6116,235.31488,1876.4048,2494.1655,-1185.5973,1764.7247,2299.7302,281.21445,1874.2357,2468.888,-1074.5005,1673.7083,2360.5918,423.03455,1785.2002,2352.6262,-423.74133,1686.2234,2794.9956,882.78094,2079.0222,2643.1555,-162.81247,1699.192,3171.4785,1460.5214,1711.9792,2868.8713,720.6683,1626.1641,3201.6597,1506.7484,1624.6399,2874.5981,810.8091,1751.5979,3204.048,1454.9639,1743.5332,3048.79,851.51904
IMG_20230313_152105.jpg,down,1604.594,1603.3054,-148.8554,1571.772,1561.5664,-124.18181,1565.6025,1560.6409,-124.22976,1558.8455,1560.0552,-124.23017,1574.7565,1561.9629,-285.96823,1571.0254,1561.2839,-285.88153,1566.9203,1560.9092,-286.44043,1501.4817,1586.0823,36.64046,1523.0596,1583.9067,-698.516,1587.3944,1647.4944,-62.83485,1588.7303,1648.8326,-275.30005,1351.7487,1851.7915,480.06134,1527.5609,1818.1028,-1101.1675,1396.4137,2203.6838,650.8212,1617.5889,2169.9448,-1313.8704,1511.5015,2507.8657,481.89185,1706.7546,2502.722,-1184.6392,1514.5927,2592.6108,515.6586,1718.0085,2606.3274,-1318.3701,1550.2405,2585.5378,393.81183,1759.4102,2579.3867,-1265.3016,1548.9385,2547.718,422.36456,1762.5641,2548.3254,-1157.6416,1489.032,2529.2156,464.9045,1651.5828,2471.7668,-466.2171,1569.1564,2993.5344,780.6286,1961.1023,2774.805,-216.42264,1613.4548,3509.1697,1168.3751,1599.7126,3055.732,841.01624,1583.8711,3593.8584,1194.7172,1496.2344,3071.8286,950.51904,1733.6415,3534.3748,1084.3925,1656.1006,3269.7434,1013.3267
IMG_20230313_152110.jpg,down,1661.4119,1661.9946,-1104.8707,1637.462,1621.1707,-1011.5726,1636.7216,1621.6992,-1011.604,1635.6588,1621.9285,-1011.6427,1622.8088,1621.3735,-1161.6013,1610.9927,1622.5239,-1161.8362,1597.7871,1623.8464,-1162.1106,1581.9313,1646.9941,-514.8199,1538.0234,1655.1562,-1188.7963,1657.6812,1707.6201,-901.88806,1637.3485,1710.2483,-1096.2109,1582.1978,1897.9536,181.72722,1480.3518,1924.6677,-1458.0889,1574.9241,2236.708,409.8907,1449.7095,2310.8284,-1618.9102,1590.3292,2530.9438,154.18156,1524.909,2608.8804,-1515.5195,1614.6746,2593.389,135.72269,1541.4436,2704.7185,-1666.4575,1624.7007,2584.0137,14.852477,1581.4186,2695.3098,-1650.3878,1614.732,2569.7407,86.81698,1582.8408,2669.2769,-1500.793,1631.5122,2559.8062,519.1986,1581.2703,2567.7705,-519.6736,1606.6084,3025.8337,860.49854,1816.0232,2923.074,-371.53076,1572.7642,3458.9824,1407.207,1480.4895,3090.8035,796.49414,1526.6207,3537.0852,1442.1025,1382.4927,3082.5786,913.1702,1763.4583,3518.749,1272.9707,1518.667,3289.7134,894.5019
IMG_20230313_152112.jpg,down,1514.4183,1630.4374,-931.36475,1492.667,1593.5614,-839.7081,1492.8715,1593.0721,-839.76984,1492.2714,1592.3661,-839.7717,1475.2329,1593.9965,-997.00256,1462.8744,1594.4062,-997.1947,1447.9304,1595.4742,-997.5679,1440.9966,1614.9336,-338.42535,1385.5979,1625.4579,-1048.9352,1507.5854,1675.9762,-724.0798,1484.7504,1683.1345,-929.2418,1438.9207,1879.5688,393.203,1311.3527,1885.0405,-1337.9479,1455.4148,2229.5317,641.56744,1298.4795,2285.8423,-1525.1202,1496.4369,2566.3667,320.17743,1407.8478,2603.0237,-1562.8319,1512.9517,2659.9956,298.02084,1427.266,2702.1484,-1746.7832,1524.7993,2657.6482,151.59161,1470.6852,2689.9001,-1731.9512,1520.2194,2618.1567,242.32925,1471.6385,2659.1167,-1549.6611,1537.285,2566.9033,548.9529,1480.7819,2576.9966,-549.6177,1561.7758,3099.9065,700.69916,1779.7822,2909.8887,-516.15454,1553.3926,3567.9067,1329.9958,1424.7682,3159.4841,725.2268,1497.9056,3663.5908,1372.975,1326.949,3143.342,848.8645,1769.9282,3652.0112,1176.0149,1466.9514,3393.4006,821.26373
IMG_20230313_152115.jpg,down,1872.3862,1653.0139,-1507.4784,1862.6365,1603.3711,-1411.6974,1866.9042,1602.9438,-1411.9236,1870.8799,1602.7688,-1412.0533,1836.6262,1602.1318,-1499.212,1821.4797,1601.5269,-1499.5167,1804.4282,1602.0491,-1499.8167,1825.9868,1621.1583,-847.4524,1739.0366,1627.6757,-1246.6,1869.4402,1697.472,-1289.5531,1836.3428,1699.7751,-1403.917,1927.5166,1883.945,-256.3074,1573.0085,1941.7476,-1211.1287,1938.4773,2237.3984,75.140144,1526.1464,2324.5159,-1233.3914,1975.3574,2501.4424,-366.51703,1553.168,2609.8093,-1494.1628,1984.4894,2598.6943,-473.88007,1547.6226,2705.3308,-1672.3489,1978.6467,2595.4226,-625.78723,1585.7908,2697.3716,-1763.696,1963.5515,2571.1611,-442.25336,1599.7927,2666.0479,-1530.6626,1859.718,2537.4246,360.62173,1663.7507,2540.2422,-361.03394,1874.2972,2996.0732,420.6827,1820.6443,2974.5137,-625.0812,1707.908,3433.2627,1394.5288,1600.5626,3071.8284,815.7402,1654.5618,3502.8484,1470.0519,1515.9635,3053.0212,954.4979,1873.6707,3571.4277,1201.8286,1592.7874,3321.8755,753.7344
IMG_20230313_152117.jpg,down,1521.3693,1484.3123,-1225.8082,1503.628,1446.9585,-1123.6768,1508.3184,1447.4775,-1123.8342,1512.3364,1448.1584,-1123.9147,1473.5222,1449.5146,-1216.5807,1456.0817,1452.8503,-1216.7484,1435.2319,1458.148,-1216.8718,1476.5325,1482.582,-525.46356,1371.27,1503.8347,-953.85114,1533.4916,1535.0071,-995.53894,1494.6426,1538.6354,-1118.1506,1625.3943,1767.9702,63.028206,1257.7355,1800.3359,-944.7888,1669.0565,2105.5605,370.63248,1234.7903,2195.5781,-976.4573,1738.5818,2385.868,-135.33652,1297.022,2504.2292,-1268.7368,1769.6514,2471.6582,-240.1577,1303.6571,2601.678,-1445.7417,1767.6296,2467.4539,-424.67422,1347.6465,2586.0198,-1524.8909,1748.216,2442.9714,-226.79558,1357.1274,2554.7852,-1300.5759,1635.981,2431.111,370.75656,1426.5217,2444.2446,-370.51657,1712.8945,2900.2957,281.15308,1635.6345,2872.357,-733.4401,1604.189,3494.5654,810.7085,1417.6277,3086.3347,516.58105,1548.279,3585.7253,837.1803,1341.1573,3070.3538,629.86176,1788.1328,3613.4272,495.39215,1444.8738,3337.9458,388.98953
IMG_20230313_151830.jpg,up,1607.8231,1085.8788,-1338.3796,1632.7291,1034.4177,-1224.5007,1650.0881,1039.3115,-1224.9319,1668.5923,1045.0256,-1225.0104,1570.4536,1028.1381,-1239.2817,1546.5883,1029.6581,-1239.205,1523.4296,1032.8625,-1239.4272,1691.8839,1086.3394,-600.7967,1479.1682,1080.4104,-666.677,1644.1198,1152.7095,-1105.5746,1561.968,1149.7219,-1125.4811,1836.977,1442.4355,-304.95746,1303.0333,1441.893,-318.18927,1886.9854,1844.7319,-316.42154,1235.1195,1840.2684,-302.08295,1885.6241,2179.7937,-1179.5278,1220.6637,2166.0159,-1039.8822,1906.0442,2301.649,-1410.9753,1215.5664,2281.9197,-1257.4962,1878.0663,2292.3286,-1575.6815,1253.1802,2265.748,-1431.5576,1860.2451,2256.6543,-1262.1154,1265.8175,2225.124,-1126.9631,1711.3743,2207.1094,-14.744479,1408.1597,2209.9875,15.001369,1686.5812,2735.331,116.64937,1414.1713,2739.4155,482.90283,1636.2288,3176.0496,1414.77,1442.9738,3170.0635,1961.5483,1594.7948,3225.2776,1507.8718,1462.8044,3218.1946,2075.897,1709.4789,3409.455,856.8928,1378.0223,3389.046,1459.9626
IMG_20230313_151835.jpg,up,1523.5686,1091.8871,-1430.4104,1548.2904,1039.8711,-1317.6609,1566.0465,1041.4998,-1318.0399,1585.3628,1044.4662,-1318.0206,1481.5764,1038.0975,-1333.3516,1456.2865,1040.24,-1333.3,1434.6011,1044.8513,-1333.5376,1605.3481,1081.6768,-681.0633,1395.1827,1088.8298,-760.02295,1563.446,1158.0231,-1194.207,1484.4961,1161.3358,-1216.9706,1774.8218,1452.9302,-365.29053,1232.2349,1463.427,-405.72058,1830.3186,1857.1565,-290.30435,1156.7712,1871.6859,-402.5055,1834.5027,2201.928,-1073.3154,1143.8384,2206.566,-1133.3887,1856.8547,2326.3257,-1291.6821,1141.673,2327.9502,-1352.4363,1821.4658,2316.7815,-1468.9846,1180.2891,2315.5068,-1529.2738,1802.053,2280.9988,-1159.197,1190.3771,2273.6562,-1222.9285,1659.7694,2255.3462,3.8691883,1346.9009,2259.526,-3.7793055,1622.725,2797.424,259.31772,1341.7056,2777.5786,411.11688,1561.9318,3243.643,1591.1422,1378.2263,3239.2256,1784.7598,1531.4574,3290.5232,1688.3865,1398.8201,3287.8074,1884.9966,1659.5845,3488.2324,1061.8608,1325.4031,3481.4421,1238.3263
IMG_20230313_151838.jpg,up,1402.3033,1038.577,-1297.207,1426.832,995.6632,-1191.9021,1444.2592,998.3004,-1192.1665,1463.9442,1000.59546,-1192.0914,1361.5852,989.67444,-1208.5723,1334.2622,990.3574,-1208.5226,1311.8347,993.25,-1208.7595,1485.9194,1029.7167,-593.31396,1275.6404,1036.4801,-676.92737,1440.7437,1099.2474,-1075.182,1364.7212,1103.3918,-1099.1207,1643.3232,1384.7471,-287.67136,1133.0557,1405.2573,-328.9737,1722.7343,1778.312,-134.72731,1052.7987,1825.7433,-193.19449,1742.6699,2113.6143,-770.61646,1025.1047,2159.9973,-693.7495,1769.365,2234.5454,-946.9215,1017.0847,2284.4888,-862.0025,1735.3026,2228.7405,-1123.2843,1053.4734,2268.353,-1049.1133,1713.7064,2190.9688,-852.25146,1065.068,2225.1924,-781.44324,1570.1678,2201.533,5.886567,1258.931,2208.2173,-6.0193276,1553.1353,2766.9402,252.79114,1269.7535,2763.4631,166.45549,1519.4009,3262.3945,1303.3381,1324.9805,3260.1782,1149.0758,1489.4913,3319.6113,1367.1655,1351.0139,3318.6047,1204.1714,1640.1199,3494.2056,727.27185,1268.5043,3504.0654,533.62024
IMG_20230313_151842.jpg,up,1534.8391,1252.572,-1306.6548,1580.3112,1192.9158,-1301.9757,1609.862,1193.9161,-1302.3262,1641.7644,1196.1698,-1302.6196,1525.7588,1193.8988,-1213.8799,1512.0021,1195.2427,-1213.676,1498.6924,1196.3062,-1213.8539,1717.8453,1236.9402,-1071.7091,1533.1284,1232.8141,-661.71906,1592.5247,1323.5856,-1206.7532,1530.1748,1321.6115,-1089.4318,1914.1196,1650.4092,-963.80664,1403.6063,1607.4465,-177.46564,1908.7222,2138.02,-835.7822,1338.9397,2025.0992,240.9738,1865.2795,2506.1885,-1063.876,1288.7258,2355.16,-171.97511,1875.4773,2631.235,-1223.9902,1262.7109,2471.3628,-283.69937,1828.7084,2617.1487,-1357.1042,1286.5183,2467.9216,-479.23178,1811.6473,2576.571,-1110.3928,1305.0427,2436.6655,-266.2764,1728.5321,2412.8982,-214.99667,1441.5349,2385.9106,214.88045,1706.5562,2964.4512,-40.087833,1478.3812,2939.0464,636.53845,1680.3468,3414.555,1248.6484,1526.5345,3339.2922,1898.811,1680.5098,3466.2124,1337.8439,1575.967,3400.9714,2001.6035,1627.4733,3674.0002,742.99005,1348.2002,3517.462,1552.791
IMG_20230313_151844.jpg,up,1497.113,987.81726,-1046.2458,1543.8301,932.7954,-1017.598,1572.1447,934.5056,-1017.9919,1602.5999,936.8358,-1018.2344,1491.7119,934.6737,-936.2262,1478.9282,937.673,-936.01855,1466.7893,941.2494,-936.2146,1685.4187,985.32385,-724.14374,1502.5286,988.1482,-339.0407,1559.3218,1063.2568,-927.88403,1493.2445,1060.3676,-817.461,1911.7782,1358.0388,-687.03436,1374.5325,1383.494,115.70686,1933.8689,1838.1906,-667.6097,1310.0619,1827.6167,413.65985,1860.6211,2230.303,-1054.1187,1264.5364,2174.268,-69.90219,1875.7852,2373.6206,-1235.9961,1253.2075,2306.721,-210.06113,1813.2178,2353.8987,-1376.1346,1274.461,2298.0024,-398.01923,1786.4783,2311.1394,-1108.4792,1288.2513,2258.8948,-164.71445,1736.4408,2245.5947,-263.26947,1439.6108,2233.5166,262.79065,1720.2295,2846.769,-215.83652,1480.858,2834.9033,644.80054,1699.723,3366.1743,775.7704,1539.7473,3292.4617,1785.6888,1709.6211,3425.3232,829.0779,1593.3739,3360.8835,1866.7446,1626.5173,3605.7427,149.63773,1343.1521,3484.4954,1379.1072
IMG_20230313_151846.jpg,up,1204.6558,614.1034,-1278.7898,1250.79,551.0648,-1233.2959,1282.0029,550.6902,-1234.0044,1314.1506,551.74255,-1234.4254,1193.0154,560.4429,-1155.422,1180.6554,565.69116,-1155.062,1167.5049,572.0825,-1155.3464,1396.5603,596.96155,-850.98047,1202.2255,621.397,-482.89386,1279.6486,683.2732,-1128.7554,1201.9679,689.72656,-1023.52057,1614.0862,992.0457,-824.56274,1106.7692,1053.7239,103.42319,1704.6826,1478.3745,-821.5939,1097.9391,1564.8354,419.37225,1736.551,1906.1157,-1263.0348,1075.5769,1940.0168,-142.48074,1746.5695,2035.0781,-1467.3965,1081.0886,2070.1543,-291.8002,1692.54,2025.7407,-1638.1609,1093.7488,2063.1692,-513.8726,1674.3677,1996.7404,-1331.4713,1105.4268,2030.2534,-255.25519,1571.144,1946.8322,-290.5511,1260.179,1964.3502,290.32565,1591.6946,2627.315,-156.3229,1367.8457,2635.318,669.39954,1630.491,3162.5293,1067.4753,1462.5701,3118.941,1930.2317,1648.9656,3222.1313,1136.5427,1519.4801,3183.162,2014.8328,1570.531,3417.436,388.32358,1265.2483,3341.1191,1455.6814
IMG_20230313_151851.jpg,up,1322.9807,1434.6296,-1211.406,1361.4067,1376.5913,-1308.3551,1377.0465,1375.6041,-1308.7145,1394.9512,1374.1807,-1309.1385,1339.83,1375.5533,-1129.0773,1339.2797,1373.9388,-1128.8567,1338.96,1371.8323,-1128.8823,1495.2335,1398.1539,-1458.463,1431.2855,1391.2391,-661.60614,1366.7627,1501.4111,-1243.7896,1340.73,1504.814,-1013.26843,1639.7568,1759.0464,-1784.7,1438.8219,1751.574,88.77823,1610.1797,2286.3135,-1869.3373,1415.2421,2177.8237,512.5219,1573.3239,2676.1301,-1708.9816,1371.6091,2540.4075,176.25232,1585.217,2792.628,-1904.1758,1356.0994,2635.9595,145.36832,1528.5457,2777.1013,-1928.0955,1356.9271,2625.8455,-41.488354,1517.7515,2740.2703,-1701.8081,1375.1775,2608.8955,84.22252,1569.75,2629.755,-545.6011,1421.5713,2598.025,545.2624,1567.6726,3148.8926,247.34256,1494.9457,3077.816,1616.7219,1603.5194,3593.559,1069.006,1567.4271,3453.8289,2817.033,1670.6584,3667.7588,1121.2195,1615.203,3526.9895,2927.1719,1421.116,3784.584,627.2344,1359.3606,3566.849,2745.134
IMG_20230313_151853.jpg,up,1206.2584,1042.6267,-946.92395,1237.0885,981.678,-1067.7351,1250.8613,978.9989,-1067.9271,1266.99,976.52576,-1068.2704,1220.7588,983.5912,-876.0488,1222.3197,982.126,-875.89215,1223.4796,980.4531,-875.9696,1373.5579,999.1615,-1294.9019,1316.6322,996.1842,-436.17014,1254.418,1097.4602,-1005.8754,1230.6062,1101.0037,-757.1109,1532.548,1331.041,-1616.7549,1337.7893,1336.2827,240.62085,1518.5321,1800.3899,-1671.459,1326.762,1800.8091,545.63,1481.5964,2200.9143,-1411.4445,1291.2461,2153.8577,212.3828,1491.1792,2322.514,-1573.8877,1303.909,2258.982,184.09848,1441.3097,2313.2463,-1599.064,1302.0234,2261.4106,8.806086,1430.2922,2281.511,-1404.0183,1300.0935,2228.7712,122.827225,1486.9086,2178.5264,-553.4293,1314.6648,2176.7644,553.3031,1498.8505,2756.9883,-283.89722,1386.712,2724.6697,1205.5671,1542.9065,3295.9756,161.7503,1487.3528,3157.401,2043.6543,1613.5276,3405.8457,170.00229,1541.0925,3235.213,2106.308,1338.5563,3509.651,-428.4942,1266.8643,3320.5151,1820.9385
IMG_20230313_151855.jpg,up,1164.4775,1155.6093,-718.799,1195.0739,1094.8512,-836.11865,1207.3617,1091.4275,-836.33716,1220.3909,1088.3197,-836.5963,1179.469,1099.33,-650.5344,1180.1365,1099.1217,-650.2475,1180.5883,1098.3961,-650.2432,1315.7385,1111.8698,-1067.0615,1261.6685,1114.3273,-240.21281,1208.2601,1203.053,-783.08887,1184.4025,1207.074,-543.1278,1469.5652,1413.853,-1423.3824,1271.8457,1476.2383,404.07727,1465.1844,1860.8528,-1477.4971,1284.0773,1913.123,702.404,1444.0256,2261.959,-1262.0199,1254.0502,2247.5354,362.24036,1468.023,2383.4976,-1415.7549,1252.4562,2369.8022,333.21307,1417.7374,2377.0269,-1451.4045,1251.0002,2374.3706,150.47559,1406.8859,2349.916,-1258.4663,1260.6772,2335.3691,268.85,1443.7781,2288.0742,-545.5836,1276.0648,2287.9592,545.4797,1476.8757,2867.7085,-402.3886,1343.999,2853.3982,1168.5305,1525.9429,3469.662,-155.20895,1449.7101,3342.3115,1902.4543,1590.9554,3579.1875,-162.39694,1503.4993,3443.7651,1951.2017,1301.8757,3679.8645,-748.0471,1214.6259,3514.6992,1669.1499
IMG_20230313_151900.jpg,up,1498.4705,1670.859,-318.52402,1524.6555,1615.6436,-466.93295,1527.9114,1616.1882,-467.0573,1531.1678,1617.197,-467.24744,1532.1671,1613.8018,-302.1222,1540.5889,1612.8187,-301.93152,1549.5513,1612.0881,-302.38846,1586.167,1646.8334,-922.1508,1619.355,1641.0128,-196.2919,1521.8292,1720.6288,-463.89417,1530.0757,1718.7849,-253.1613,1574.9255,2004.4976,-1369.0828,1804.9631,1971.9233,228.43593,1506.6243,2488.3496,-1368.58,1816.6274,2413.0376,436.8192,1444.4071,2839.7336,-944.6955,1622.5865,2727.7085,351.8489,1425.1945,2932.19,-1081.2227,1577.273,2788.4172,355.86505,1418.314,2925.0142,-1082.8114,1558.0618,2799.2446,218.09229,1427.8611,2895.7793,-935.4223,1572.4407,2783.258,283.71124,1573.4841,2789.207,-451.70276,1716.6936,2763.0725,450.1988,1577.9021,3327.1152,352.60138,1726.499,3257.4258,1184.724,1672.477,3818.154,1081.0063,1757.8326,3732.5002,2004.9393,1737.0875,3932.9316,1129.8049,1810.9663,3827.8887,2080.4524,1429.7161,3921.8252,808.218,1582.4636,3794.744,1920.0913
IMG_20230313_151903.jpg,up,1356.5615,1503.9999,-282.88095,1380.4213,1444.7316,-429.80154,1387.7068,1443.5026,-429.872,1395.25,1442.3092,-429.92953,1379.2314,1444.162,-246.67506,1385.4952,1442.1432,-246.60365,1392.649,1439.7324,-247.22841,1461.8682,1464.3566,-812.26624,1465.5995,1458.2451,-8.892899,1383.3038,1550.242,-395.3737,1382.2247,1553.0114,-162.51074,1451.2356,1776.4348,-1352.2748,1643.3668,1755.2784,608.37146,1363.827,2284.0618,-1480.5071,1611.9291,2225.9119,795.51324,1299.0194,2672.4644,-1097.9839,1523.6736,2575.8657,574.77704,1284.0884,2772.452,-1229.6497,1495.9017,2680.612,613.2747,1290.8958,2767.939,-1212.3899,1425.2035,2692.8762,452.55774,1302.6038,2731.8726,-1078.7473,1438.1782,2666.3884,498.4414,1478.144,2670.1023,-597.8588,1600.0984,2641.539,597.1967,1515.3901,3261.976,-114.11211,1641.3907,3209.6826,996.10474,1647.918,3841.8022,379.9898,1710.2267,3750.1572,1604.0856,1724.8934,3965.222,401.15762,1780.4976,3860.308,1648.7245,1367.9233,3980.5542,8.399768,1498.1599,3855.057,1434.7247
IMG_20230313_151905.jpg,up,1404.0804,1184.8116,233.05632,1429.1084,1125.0302,67.44869,1433.7197,1125.1536,67.228516,1438.7632,1125.4326,67.082245,1432.6366,1122.732,259.86395,1439.8442,1121.1355,260.05774,1448.0049,1119.4368,259.55807,1502.2073,1157.8795,-459.6969,1530.5271,1147.9038,394.08588,1426.5457,1237.5979,65.12113,1428.669,1241.0747,312.4922,1490.4629,1439.4502,-1113.9229,1778.3882,1471.8977,865.7902,1439.1376,1895.9393,-1306.2346,1806.9277,1935.475,996.0709,1370.8069,2293.213,-983.2792,1696.4542,2256.471,804.89185,1357.7019,2400.9788,-1093.2832,1701.2662,2360.8242,853.2152,1351.0447,2397.2222,-1077.484,1668.9899,2361.5386,710.6969,1361.386,2365.6687,-963.70337,1657.5176,2327.896,729.91785,1546.6344,2324.0957,-614.04626,1700.7754,2316.5547,613.08826,1577.7777,2920.1147,-267.63614,1685.903,2902.9648,839.786,1710.7422,3554.3809,79.66222,1745.6611,3483.8306,1228.3716,1786.271,3656.0095,85.9215,1806.7241,3614.101,1250.9202,1429.8481,3700.4385,-319.75418,1524.0918,3610.6946,979.9563
IMG_20230313_151912.jpg,up,1484.1675,1716.3837,201.81717,1491.5397,1671.7012,22.186825,1487.3123,1673.1088,22.058723,1482.5726,1675.1985,21.912373,1512.2385,1669.3164,125.65582,1522.9406,1669.1924,125.711,1533.48,1670.2303,125.26078,1502.9023,1702.7927,-511.28146,1590.8528,1702.8901,-61.626812,1487.5394,1763.3054,46.65806,1511.0942,1766.0023,175.69904,1395.322,1979.3704,-920.1211,1771.8457,1982.9365,128.2568,1306.1365,2379.364,-872.6987,1786.3677,2345.3809,580.82874,1242.0112,2683.442,-449.04538,1680.7192,2539.2937,1036.6343,1233.8447,2766.1472,-508.0807,1645.8871,2594.68,1124.7615,1247.5571,2761.7217,-517.38055,1622.1311,2587.2786,1046.1221,1258.2032,2734.5032,-440.5633,1626.2578,2572.257,1013.8057,1419.6587,2713.8813,-315.30487,1651.2286,2721.7961,313.7918,1424.4093,3191.6497,559.64014,1651.8198,3161.4453,1147.3169,1506.2699,3640.216,1218.759,1629.6354,3616.1248,1891.0688,1544.2024,3756.124,1289.8071,1650.0239,3722.01,1975.1008,1292.2566,3658.6108,1218.8242,1480.5559,3588.3193,1955.4688
IMG_20230313_151915.jpg,up,1600.739,1373.9927,992.8386,1598.8901,1329.4398,805.0369,1591.047,1329.7054,804.9908,1583.0156,1330.7535,804.72437,1630.3833,1331.6119,855.3316,1645.2345,1333.2992,855.33527,1660.0608,1335.9978,855.03314,1596.0349,1362.0127,153.1662,1702.157,1371.5122,364.99414,1592.1097,1418.7224,795.7195,1630.1267,1423.2294,854.5267,1470.2634,1638.0886,-318.81613,1882.9448,1679.3237,290.7412,1432.7146,2040.721,-262.4204,1912.2461,2076.086,425.57037,1367.2964,2360.2593,157.21013,1879.3645,2358.1387,634.75415,1346.3347,2443.509,140.56708,1871.729,2442.2375,656.832,1361.5656,2425.5522,138.7904,1831.5986,2425.9226,644.07465,1377.2004,2399.849,165.97736,1824.5132,2397.2146,626.8497,1538.7806,2381.3298,-279.85687,1778.1482,2384.9917,279.0061,1554.6478,2919.2039,236.30981,1789.6395,2896.8796,805.60455,1630.1858,3424.9155,706.76337,1776.6677,3404.891,1339.4958,1663.9565,3524.2378,755.10004,1786.2817,3509.773,1395.2172,1423.8121,3469.768,603.719,1674.8796,3428.3225,1275.2896
IMG_20230313_151918.jpg,up,1477.6346,965.4949,711.55316,1484.854,920.6555,513.0195,1478.7515,920.1035,512.94995,1472.293,920.19604,512.7919,1512.2976,923.3666,573.5426,1525.9207,924.9281,573.53424,1540.0273,927.54004,573.2499,1487.6357,951.12146,-125.11949,1584.8906,966.4811,132.54333,1473.8936,1011.2825,524.49194,1504.787,1018.3344,596.5197,1356.8619,1229.5106,-571.10205,1748.9927,1289.4958,143.27554,1261.7903,1641.5228,-486.6515,1772.54,1670.217,454.4807,1241.4602,1960.1765,-50.48173,1757.0505,1955.7993,863.90393,1223.9397,2054.5972,-81.083855,1745.6016,2050.434,922.46094,1241.3105,2042.0254,-81.39896,1707.2727,2034.7823,875.7472,1261.0472,2007.71,-39.35511,1699.438,2001.4067,851.1542,1401.6052,1992.1016,-275.5087,1646.9543,2006.9034,274.08838,1414.7987,2496.1252,533.2373,1653.5892,2495.6216,1091.5178,1488.5327,2993.105,1176.4675,1621.0481,2991.6655,1840.9849,1532.1896,3094.234,1249.5334,1639.2925,3094.8042,1926.05,1277.1254,3053.7805,1155.2511,1484.1877,2983.787,1870.1157
IMG_20230313_151923.jpg,up,1579.8911,1528.3596,784.5082,1553.7623,1489.0588,615.41095,1534.8306,1490.4347,615.4085,1515.302,1492.4742,615.2713,1602.7202,1491.7642,622.43695,1617.4829,1494.5289,622.55975,1633.1348,1498.0232,622.2387,1495.1215,1524.7131,34.25714,1663.5195,1529.0632,61.38746,1556.6162,1577.7014,614.039,1604.6895,1580.0597,620.06537,1353.0581,1834.041,-190.74432,1819.8787,1857.2778,-202.24219,1272.8481,2208.4697,-12.457592,1829.6008,2248.235,22.271515,1294.8893,2473.965,339.11096,1847.4478,2511.804,476.92355,1283.8105,2556.7354,349.33005,1850.1096,2606.8184,500.19495,1309.5165,2544.0142,319.4665,1823.251,2593.048,499.01212,1323.8733,2515.5608,336.5251,1807.9362,2556.2183,486.72974,1423.5122,2553.4128,13.336536,1671.8589,2567.738,-15.134968,1427.8489,3000.3352,811.25476,1659.9673,3039.1677,874.4969,1434.868,3453.3376,1519.3071,1631.5994,3508.2043,1624.2222,1441.5481,3626.892,1597.6179,1598.8369,3620.6768,1711.4409,1420.3075,3420.3242,1581.0135,1651.1238,3468.8206,1682.199
IMG_20230313_151925.jpg,up,1578.917,1384.0433,1088.8464,1554.4639,1344.9612,910.7936,1536.5028,1346.3737,910.80676,1519.4133,1348.948,910.62915,1603.9094,1345.6205,924.72766,1619.2518,1346.8362,924.76746,1635.821,1349.0199,924.3457,1497.4684,1382.5146,285.47687,1665.5701,1378.1816,342.3835,1553.2115,1432.6953,902.88965,1606.3591,1430.8602,916.8424,1355.8436,1661.0665,-25.96415,1821.1967,1652.6239,83.344696,1277.9226,2053.786,74.776634,1875.8689,2053.3452,217.75603,1312.5557,2330.4329,423.9429,1907.0841,2349.9023,541.67957,1308.143,2428.6602,434.45776,1925.4521,2451.1948,570.4148,1334.2522,2407.4001,429.68234,1894.3723,2441.211,573.6499,1343.5192,2380.3064,430.91205,1873.489,2408.8035,551.0305,1462.6797,2405.945,-59.633087,1716.5979,2391.8616,58.447548,1485.2095,2897.2146,435.44965,1735.7788,2917.607,635.3702,1517.3611,3416.6445,894.9608,1724.4866,3436.5476,1098.3712,1514.1758,3525.3413,945.0943,1717.8557,3548.691,1149.5045,1479.7601,3397.2559,860.6023,1734.6016,3432.2944,1041.4967
IMG_20230313_151927.jpg,up,1414.7617,909.8334,951.1896,1389.5042,869.0205,784.42346,1372.363,870.3064,784.36584,1356.0776,872.4894,784.1554,1439.5358,868.49194,781.8141,1455.5474,869.09973,781.8518,1472.0164,870.3862,781.29584,1332.7996,905.6974,194.20355,1501.5552,899.17944,179.3782,1393.3809,957.40924,778.2975,1444.4373,958.1153,771.25635,1194.6147,1208.4086,-67.779686,1646.5249,1188.9633,-109.16856,1188.1016,1619.811,27.769976,1691.617,1618.4452,14.903713,1185.4873,1918.828,286.79953,1732.6187,1939.8982,335.02573,1172.5385,2017.1335,282.361,1748.4225,2041.2837,349.365,1201.6741,2000.6614,274.87836,1719.0371,2033.8833,331.06854,1215.2565,1974.8641,287.78723,1701.171,2001.0844,333.40952,1308.5535,1957.0399,-1.9157016,1557.4944,1945.2781,0.31706434,1331.6973,2441.066,601.0971,1558.2715,2466.5693,759.0414,1380.0802,2924.55,1167.8661,1575.4907,2954.6162,1390.0632,1380.731,3014.792,1229.2439,1560.9734,3045.863,1459.5378,1362.8064,2969.254,1127.0326,1635.5054,2977.8237,1341.3123
IMG_20230313_151932.jpg,up,1582.9448,1477.907,428.44818,1553.489,1433.2227,362.6327,1537.5254,1433.1578,362.41083,1521.065,1434.0315,362.18103,1588.6589,1435.4849,282.51056,1597.4202,1436.2288,282.61008,1606.3755,1437.2952,281.96915,1479.6812,1462.4409,138.06854,1594.0858,1463.8083,-218.79968,1554.9705,1530.1238,378.6941,1588.2786,1530.2438,275.435,1299.3804,1768.0002,286.93768,1706.6367,1787.3823,-652.97833,1270.9928,2123.9485,541.8017,1727.2467,2185.3982,-556.24097,1369.3483,2350.4675,745.5331,1763.4929,2487.531,-80.62822,1422.044,2408.4253,821.9601,1765.6542,2574.0679,-91.66046,1442.8549,2397.6108,754.89905,1751.1252,2573.0037,-55.375473,1446.0988,2380.2007,723.0999,1742.0885,2544.4436,-55.93319,1374.4556,2481.4766,343.99472,1576.9204,2494.7388,-345.11395,1363.7815,2938.5654,1023.793,1563.9258,2967.3362,343.88492,1377.5201,3366.161,1707.6028,1507.6904,3434.1843,1011.319,1363.8625,3466.2212,1769.1412,1468.5173,3531.5183,1077.8008,1460.2587,3321.4973,1706.5698,1666.7117,3402.8975,919.2064
IMG_20230313_151934.jpg,up,1595.5419,1467.4717,683.8981,1567.9545,1421.4489,611.2129,1554.5468,1420.0453,611.2491,1540.3436,1419.6116,611.2395,1592.3647,1423.8109,520.2665,1596.8518,1423.6493,520.1535,1601.1738,1423.8885,519.4337,1481.5613,1445.308,369.80554,1579.2565,1445.4758,-37.011288,1559.5488,1513.0518,626.8546,1588.2979,1511.6787,509.1178,1270.7794,1735.7827,481.2434,1672.7839,1733.3909,-528.90735,1197.1055,2101.0957,782.4,1701.9585,2137.8623,-396.44482,1380.1338,2261.796,1098.5935,1765.3806,2445.3657,163.21796,1407.5914,2315.1052,1179.3894,1775.6719,2544.65,180.05019,1443.2847,2303.0784,1117.9862,1754.2649,2543.5967,199.4321,1444.7855,2285.9194,1078.1575,1739.5734,2515.6316,190.72577,1352.4431,2484.982,387.38956,1577.7506,2482.9746,-388.38565,1376.3483,2980.1157,872.13513,1558.0323,3022.916,34.008976,1378.2,3494.5278,1300.115,1513.1431,3541.4604,365.9907,1345.6947,3601.958,1334.3673,1473.0999,3652.51,392.1405,1467.4999,3469.2754,1247.8083,1697.0673,3543.224,188.71799
IMG_20230313_151936.jpg,up,1711.2256,1280.2981,691.21533,1686.2861,1234.0808,648.91364,1672.753,1232.3827,648.9304,1658.9431,1231.4044,648.94434,1710.3726,1235.1246,531.5942,1714.938,1234.0997,531.458,1718.9004,1233.2772,530.52264,1601.8562,1252.3062,495.33698,1695.532,1251.7574,-28.454445,1679.7836,1323.3705,665.13153,1707.8262,1323.6732,513.08875,1382.738,1545.7837,626.01575,1788.5471,1523.5029,-570.80554,1362.9606,1947.7675,739.6923,1810.9998,1942.1448,-539.3993,1453.7744,2235.1067,825.94135,1859.102,2272.1243,-114.563385,1466.3326,2315.685,870.55566,1869.9906,2369.1768,-146.40585,1494.7913,2318.1736,813.6234,1852.5698,2359.0657,-127.79201,1495.7275,2289.0566,797.411,1838.261,2332.9116,-93.61464,1444.9846,2275.9312,417.67355,1676.4321,2271.5588,-419.36572,1448.2366,2774.7422,939.53503,1632.9218,2788.6753,41.99191,1434.3701,3282.8613,1434.6964,1565.6008,3317.0981,460.2326,1404.4929,3386.1611,1476.5928,1533.5085,3430.9956,495.51788,1509.3625,3285.1853,1346.6709,1732.7197,3358.2793,233.89302
IMG_20230313_151940.jpg,up,1712.9163,1747.924,-529.6231,1686.0647,1703.1863,-478.9249,1679.8511,1701.2181,-479.10596,1673.2943,1699.1744,-478.9886,1686.1692,1704.6306,-636.64746,1680.2574,1703.988,-636.77954,1673.7764,1703.242,-637.40814,1621.5267,1716.1339,-202.9271,1627.1951,1720.5775,-912.7457,1691.708,1790.367,-403.55817,1691.634,1792.955,-608.4758,1477.418,1966.193,280.25122,1561.2874,1978.0188,-1203.4928,1476.9187,2317.7117,413.73218,1605.125,2363.0032,-1356.9073,1563.469,2613.2666,200.04608,1678.135,2706.2734,-1274.7819,1554.7239,2722.4326,192.1934,1699.4923,2798.735,-1435.9004,1574.4807,2720.5398,91.38768,1707.4032,2798.6057,-1397.9602,1569.5266,2699.3682,143.50894,1699.7684,2766.5974,-1258.8855,1544.7788,2662.0007,465.21393,1570.9155,2675.9058,-465.97882,1547.4342,3085.2275,1142.2797,1539.4758,3131.907,182.28764,1483.29,3463.7993,1960.5172,1478.1841,3554.2432,950.4525,1425.5992,3528.0798,2026.9001,1421.6737,3651.6514,1007.5681,1634.859,3515.4087,1863.1329,1671.3585,3633.1067,690.20105
IMG_20230313_151942.jpg,up,1807.2556,1749.5557,-411.73398,1778.4907,1693.9578,-354.83838,1773.4231,1692.1873,-354.91495,1767.9598,1690.1235,-354.65155,1775.38,1696.098,-533.0675,1768.7266,1695.9482,-533.2841,1761.5696,1695.7083,-533.96124,1702.7197,1707.1758,-40.75228,1705.3872,1716.0271,-840.8834,1789.0625,1797.0227,-269.40063,1782.6631,1798.4098,-501.1528,1548.6921,1957.0486,545.942,1660.7349,1964.0477,-1241.8525,1586.1636,2350.6965,639.7252,1709.6957,2372.7551,-1469.7771,1663.0371,2660.9636,348.00616,1784.9645,2753.4976,-1410.2701,1648.4703,2797.356,370.83777,1794.5933,2854.4924,-1572.5198,1693.447,2771.027,232.28455,1796.2438,2852.2507,-1503.6475,1683.6746,2743.2485,273.21353,1791.8896,2822.3064,-1378.0039,1613.1438,2724.5955,556.00464,1671.4084,2728.3127,-556.75476,1654.7003,3235.0386,816.2964,1634.8997,3271.364,-320.5868,1585.7375,3729.3828,1318.1914,1563.2595,3833.0337,72.729225,1525.561,3826.2612,1342.8542,1499.1326,3949.2224,85.341225,1764.7241,3830.4346,1098.9431,1785.3298,3951.4263,-317.42828
IMG_20230313_151944.jpg,up,1674.3688,1063.4419,-486.74167,1642.1599,1016.0785,-424.72583,1637.2417,1014.8562,-424.8903,1631.5016,1013.6636,-424.67023,1639.6344,1016.64417,-604.1102,1633.2316,1015.8368,-604.37427,1625.7703,1015.0277,-605.1165,1564.6038,1037.5604,-87.84394,1569.8196,1038.8691,-893.82886,1656.3396,1114.6256,-338.09552,1652.104,1115.9316,-570.3169,1431.715,1320.946,492.90167,1532.888,1326.3505,-1279.045,1470.8154,1721.3445,616.30347,1590.6086,1739.9078,-1450.8105,1533.2119,2028.2838,301.27798,1650.8936,2099.3855,-1263.6084,1533.5981,2128.092,288.90283,1653.5874,2195.9502,-1418.8854,1583.4078,2124.5479,174.34848,1674.354,2188.6533,-1389.825,1577.3552,2088.7678,232.25359,1675.5891,2157.25,-1247.2245,1488.233,2078.2056,553.2359,1542.7852,2083.6558,-554.12555,1524.1506,2547.001,1103.3431,1500.8533,2587.9297,-42.294044,1447.1621,3004.6362,1819.9786,1438.1233,3083.5579,633.6842,1392.9905,3081.162,1869.3563,1378.4089,3188.3777,673.3179,1612.5581,3072.8408,1639.6919,1654.6658,3175.934,263.09253
IMG_20230313_151949.jpg,up,1888.5127,1486.3472,-805.84515,1868.9583,1439.8726,-735.0906,1869.3196,1439.4415,-735.36957,1869.3464,1439.0778,-735.28357,1850.8385,1439.1803,-886.53534,1837.9662,1438.6455,-886.6657,1823.8584,1438.9227,-887.19836,1812.9473,1461.553,-322.27573,1759.4705,1466.5394,-1003.48444,1880.3555,1533.3706,-634.05975,1853.7133,1536.6155,-831.12537,1843.7124,1728.9875,206.5758,1631.9594,1760.6278,-1254.1819,1869.9326,2056.6006,483.29858,1630.6218,2164.2847,-1467.6802,1894.3337,2347.638,175.83374,1675.3105,2518.1833,-1588.7173,1915.9852,2436.9165,126.58994,1673.5334,2615.7654,-1784.9497,1923.7488,2430.501,-0.36750737,1721.2668,2610.523,-1806.6757,1906.4586,2417.707,104.164276,1733.6138,2574.7627,-1599.0011,1858.3477,2452.573,435.33417,1703.3083,2460.2783,-435.62082,1815.9327,2863.0227,1124.4523,1667.5793,2894.5115,224.63086,1726.5476,3226.5537,2024.2161,1628.2621,3316.1975,1157.7363,1660.242,3288.2163,2096.4236,1581.9626,3376.7158,1221.9005,1908.7701,3340.5237,1799.1829,1775.1404,3488.8645,744.6656
IMG_20230313_151951.jpg,up,1806.7811,1334.8224,-864.6509,1790.5485,1289.7545,-777.7217,1792.3538,1290.0527,-777.89136,1793.5652,1290.2411,-777.72314,1768.5173,1287.6224,-928.9391,1754.0146,1286.8387,-929.0853,1737.1945,1286.4224,-929.579,1738.852,1319.559,-272.80048,1661.5134,1316.6475,-958.2396,1796.9941,1385.4663,-658.9487,1768.8384,1385.7344,-857.35,1751.8335,1646.2867,373.16388,1519.5167,1615.7837,-1220.2643,1744.4326,2012.1339,675.19104,1491.8999,2058.4238,-1429.2427,1787.8057,2318.6243,333.7025,1582.2622,2423.525,-1564.6604,1810.2938,2431.2422,298.65384,1570.4094,2538.0356,-1761.8457,1824.8405,2429.6467,145.93349,1623.5481,2532.3953,-1776.5623,1804.5818,2392.76,251.5469,1637.6619,2494.7012,-1569.8396,1772.7986,2403.6597,515.8124,1612.3486,2403.8796,-516.16345,1726.614,2898.3147,1057.4141,1549.5498,2932.734,-68.6476,1643.9441,3334.1702,1885.028,1523.093,3442.3586,668.9086,1582.5282,3400.9912,1943.5059,1475.35,3522.0046,709.16425,1836.0018,3475.727,1597.3876,1679.8129,3648.8696,155.7865
IMG_20230313_151953.jpg,up,1702.6615,1049.0587,-876.9415,1683.9402,1000.2256,-792.30664,1684.6074,1000.786,-792.42896,1684.6747,1001.56934,-792.2829,1663.2085,998.42285,-962.3648,1647.7188,998.3789,-962.5558,1631.4408,999.7822,-963.0921,1624.8835,1031.4584,-273.95407,1557.9866,1035.0292,-1043.2433,1691.669,1104.6029,-661.4292,1667.6283,1106.3484,-884.2124,1657.868,1364.4707,462.35696,1442.8218,1335.6797,-1326.345,1662.7317,1724.5433,825.53,1429.9954,1768.9805,-1537.1313,1738.1123,2021.4161,434.62125,1516.6647,2107.5527,-1694.2405,1774.6187,2130.07,404.2479,1515.9777,2226.8945,-1898.5618,1788.3394,2124.9773,221.89687,1570.786,2213.0645,-1906.9673,1762.1694,2086.4424,337.8103,1582.4697,2177.9058,-1693.5066,1719.7334,2124.4163,552.2151,1554.3131,2121.4355,-552.4927,1694.6714,2654.4011,858.2744,1535.0132,2662.1484,-391.1131,1623.4854,3149.978,1543.2349,1516.7178,3233.0083,158.26198,1556.5573,3227.5808,1580.4569,1461.9691,3323.6646,174.75653,1834.3931,3274.2349,1190.3805,1704.2986,3390.9968,-440.5008
