IMG_20230313_152153.jpg,down,1453.0142,1253.5985,-1714.0205,1480.6104,1211.9835,-1576.9065,1502.2952,1211.7719,-1576.5918,1524.7867,1211.2002,-1576.2235,1415.0564,1214.2812,-1603.9922,1391.7554,1215.1729,-1603.6843,1368.308,1216.5422,-1604.2231,1552.8296,1257.2211,-819.1919,1339.0131,1261.9385,-945.7015,1498.0178,1320.1176,-1436.1343,1412.6365,1321.9805,-1473.7617,1693.6965,1628.654,-202.40474,1176.9545,1627.8794,-651.1395,1762.5837,2030.4913,164.63649,1099.5654,2069.9724,-534.1992,1828.3213,2371.7195,-794.45715,1032.1677,2427.9832,-1097.9587,1870.3882,2492.9966,-1019.3205,994.64844,2533.2864,-1247.1005,1832.9429,2492.6333,-1246.15,1018.0629,2540.4956,-1474.9835,1798.0192,2447.6443,-913.25885,1048.5879,2501.1138,-1201.0587,1553.5679,2403.175,159.80635,1241.7043,2389.3484,-158.6812,1516.468,3025.6743,31.388275,1254.8687,2915.2705,-1120.3304,1414.5122,3621.3147,827.8008,1216.033,3268.9468,638.8948,1353.9968,3713.4526,858.3102,1227.5815,3274.3782,794.4589,1562.8452,3810.526,122.74782,1169.3286,3531.682,313.68933
IMG_20230313_152155.jpg,down,1450.9529,1180.16,-1105.76,1477.7299,1139.0596,-980.54425,1499.4962,1139.1425,-980.4352,1522.0101,1138.8706,-980.28186,1412.2539,1140.3048,-1001.67566,1388.7449,1140.6736,-1001.3096,1365.1453,1141.4412,-1001.7424,1546.4938,1182.9939,-351.14816,1333.884,1184.7289,-431.0506,1494.1427,1247.6106,-877.2942,1409.2913,1247.8386,-900.09155,1667.6785,1551.855,102.31862,1181.2808,1524.447,-224.91577,1718.532,1965.1323,313.01202,1077.8718,1943.4939,-101.56432,1783.9211,2290.0298,-490.15967,999.4155,2282.8599,-547.2068,1816.9387,2395.786,-669.46643,956.3791,2385.7175,-647.5983,1796.1259,2379.5742,-848.35364,983.6091,2390.2017,-844.86304,1765.8333,2339.818,-589.36456,1019.00665,2356.5664,-633.33344,1541.3236,2297.6267,105.351715,1246.7565,2276.344,-104.75922,1527.1367,2930.1895,-105.995605,1296.2192,2686.024,-1386.2958,1454.9401,3543.7175,491.02542,1255.418,3105.735,134.53922,1396.4312,3630.6858,511.9818,1265.3234,3116.865,279.61258,1603.9896,3753.212,-147.73639,1215.6635,3372.0994,-109.46695
IMG_20230313_152158.jpg,down,1708.9268,1296.7291,-1523.6273,1710.3804,1248.5695,-1374.6685,1726.329,1248.7866,-1374.3453,1742.9528,1248.5275,-1374.1147,1655.1165,1247.4373,-1483.0352,1629.5884,1245.5615,-1482.5942,1604.2048,1244.2172,-1482.9133,1717.9882,1277.2146,-633.4335,1533.1055,1272.7074,-1106.4285,1721.4697,1360.435,-1249.6998,1648.2126,1357.834,-1386.5065,1746.5841,1601.0396,108.23458,1350.1731,1617.1285,-1129.1791,1790.0801,1974.8538,519.22974,1266.3683,2071.8723,-1132.322,1829.6594,2257.7695,-211.69473,1307.571,2445.9163,-1446.8845,1843.5121,2345.2634,-370.50757,1285.0518,2561.7505,-1641.4673,1841.2445,2327.8584,-550.834,1363.5465,2548.091,-1753.3634,1816.6838,2298.2354,-318.45312,1380.653,2503.8267,-1487.7146,1672.3186,2303.4714,422.7333,1462.244,2342.657,-420.95905,1730.1661,2798.4072,811.92773,1761.0042,2706.1003,-1535.9379,1595.8738,3219.9983,1962.7511,1654.3755,3195.1523,-468.2989,1520.117,3292.2236,2049.3765,1579.4696,3242.9573,-373.08612,1775.9893,3413.4248,1661.4402,1797.4882,3455.2124,-916.4976
IMG_20230313_152200.jpg,down,1630.5483,1085.7476,-827.13245,1614.5459,1046.3595,-720.1551,1623.1375,1048.33,-719.9116,1632.519,1049.8107,-719.7719,1574.476,1044.59,-838.70856,1552.6523,1044.1917,-837.8117,1531.0103,1044.1554,-837.94836,1584.0216,1086.4884,-179.96852,1446.3396,1080.5126,-700.8723,1623.8826,1152.8984,-621.8562,1570.4385,1149.7668,-771.7566,1616.1074,1443.2063,321.24554,1233.2239,1421.5857,-728.03894,1641.7229,1851.4265,575.943,1132.4644,1887.2397,-798.9147,1708.0454,2124.3687,10.511166,1219.1202,2263.7744,-968.7146,1715.15,2191.624,-101.78612,1204.9127,2375.6965,-1123.2651,1726.6952,2164.3848,-262.60617,1279.5211,2355.99,-1221.3545,1705.3268,2138.0571,-79.98118,1297.5325,2315.6597,-1001.49805,1528.4446,2190.034,381.13843,1342.3121,2189.1797,-379.8766,1524.541,2854.0225,688.30695,1795.1604,2392.0137,-1177.2754,1404.3433,3390.7634,1301.5679,1684.2982,3027.3384,-399.75284,1303.6483,3493.9214,1329.9523,1584.0322,3109.7085,-334.31787,1657.9392,3528.7764,960.1051,1891.0952,3249.2886,-677.657
IMG_20230313_152203.jpg,down,1713.8723,1656.218,-489.73016,1674.0458,1594.6926,-435.4917,1666.1768,1590.9001,-435.38654,1659.1111,1587.0133,-435.17462,1675.0734,1604.1677,-621.14075,1665.2031,1605.8079,-620.459,1655.7988,1607.6888,-620.4597,1577.2196,1600.5865,-114.716995,1572.2781,1628.8,-930.01245,1674.2305,1707.0786,-350.1208,1670.4917,1717.2961,-586.3101,1483.9177,1916.5925,424.86172,1452.6454,1968.815,-1280.6185,1515.9868,2354.2383,629.79517,1428.9437,2438.8818,-1484.5673,1579.8528,2723.5454,352.85745,1525.3896,2855.4878,-1304.0103,1588.2021,2796.729,341.87708,1520.5096,2966.1416,-1463.2777,1604.0125,2800.3962,211.75061,1575.1593,2954.1013,-1468.5369,1595.4563,2773.4424,280.66013,1571.5105,2911.1863,-1296.0542,1530.543,2712.7712,584.2622,1550.1031,2752.8274,-582.33997,1573.0259,3272.3079,1079.7122,2138.3135,2901.779,-688.8124,1454.4517,3749.5928,1756.641,1912.2422,3428.027,113.07562,1369.3055,3844.1047,1804.1699,1787.5559,3491.2437,201.67154,1693.4065,3857.7324,1707.5115,2065.9302,3646.852,225.33896
IMG_20230313_152205.jpg,down,1708.8782,691.0973,-459.49432,1672.398,623.746,-407.02393,1664.9907,619.2062,-407.00586,1658.4954,614.42725,-406.93042,1669.9946,631.2761,-583.97424,1658.8225,631.07214,-583.6158,1648.2075,631.1138,-584.0251,1575.1147,621.2501,-78.53621,1559.1097,645.3966,-864.4532,1665.4135,740.26086,-320.4474,1656.7891,747.7931,-548.84424,1507.0464,960.7284,428.61905,1385.2092,979.79675,-1149.6194,1594.8828,1441.2725,654.2278,1368.488,1490.8298,-1318.6652,1704.7827,1821.0609,408.98376,1508.0375,1952.165,-1187.2681,1738.4338,1908.988,413.69635,1498.3479,2089.0952,-1337.1077,1743.7871,1908.3593,273.26312,1584.3765,2071.9775,-1345.6714,1718.6809,1874.8599,337.78326,1584.5361,2023.9415,-1175.0809,1556.4873,1824.5891,545.98816,1513.8716,1841.8174,-544.7748,1674.5579,2453.8794,913.95337,2110.346,2115.5632,-545.19867,1478.0903,3000.122,1487.3336,1921.1554,2691.9595,190.69942,1369.5613,3107.1367,1531.3838,1803.532,2777.6406,264.20593,1747.6025,3130.809,1438.8181,2104.231,2908.4175,237.23312
IMG_20230313_152210.jpg,down,1670.4368,1276.835,430.0926,1638.9556,1226.5144,352.00696,1620.6544,1225.652,352.80975,1603.0784,1224.8755,352.5732,1680.958,1229.3196,265.26886,1691.4116,1228.8625,266.00787,1701.74,1228.7505,266.63882,1555.9248,1252.786,118.70241,1691.3551,1255.116,-270.0531,1639.3687,1326.5417,369.7628,1677.419,1327.1613,259.89203,1384.7427,1569.5784,258.54907,1770.1768,1571.6067,-622.808,1359.1743,2018.798,431.8673,1867.7593,2021.405,-401.46112,1447.7188,2250.4702,373.63336,1936.9282,2300.2559,154.0213,1449.469,2319.138,393.12717,1955.7607,2391.2913,145.8063,1469.4554,2296.4717,319.14667,1968.2172,2375.4253,188.43744,1482.7882,2266.081,335.2522,1939.1267,2348.2651,187.37672,1570.5847,2371.5132,365.84424,1805.3569,2331.6726,-362.84262,1659.1827,2764.516,1263.8898,2120.0752,2236.2534,7.9042697,1662.0183,3265.9094,1750.1422,2023.3352,2709.706,365.7067,1632.8047,3360.5386,1798.1565,1949.2029,2812.7336,405.91907,1785.0574,3314.2932,1895.4109,2154.1577,2763.1174,645.89276
IMG_20230313_152212.jpg,down,1633.5796,1107.9598,285.44482,1604.8306,1062.179,191.66669,1585.14,1062.8694,192.41785,1566.3776,1063.5757,192.6204,1651.9602,1061.8297,122.54672,1665.126,1060.6105,123.53116,1678.5657,1059.6761,124.507164,1520.3345,1098.0344,-108.11403,1676.8638,1089.3489,-407.56396,1597.2666,1161.5073,204.18134,1640.8143,1157.4325,117.3826,1325.7109,1422.565,-62.03518,1757.2178,1418.6111,-690.099,1273.0068,1894.3313,132.28636,1825.6271,1897.6642,-709.6759,1337.0659,2137.7483,142.6902,1860.4553,2226.4744,-675.0651,1332.1252,2210.8098,161.2048,1877.0911,2333.6667,-776.68524,1353.0613,2191.7876,89.80177,1886.6311,2315.5557,-754.87366,1369.5698,2164.974,123.51001,1860.1702,2282.982,-654.28973,1434.4321,2227.3203,223.29626,1686.1438,2186.593,-219.74493,1484.8322,2753.0005,912.2074,1846.9717,2299.6096,621.9442,1501.2792,3320.9292,1139.4377,1841.9023,2783.2017,1259.4124,1494.7948,3432.5044,1153.3579,1797.1143,2888.5254,1317.9563,1574.402,3349.3887,1151.1304,1971.7803,2826.6086,1453.644
IMG_20230313_152215.jpg,down,1605.9968,1524.9762,612.1525,1580.3574,1486.3586,490.00195,1560.5676,1487.5107,490.2464,1541.856,1488.5968,490.16394,1634.2336,1486.4363,466.92764,1652.1047,1486.2842,467.93414,1669.997,1486.5737,468.71765,1517.2078,1529.0278,-14.214801,1694.2231,1523.5505,-96.233025,1579.6622,1575.9039,448.21582,1630.0703,1572.8896,423.59006,1378.9833,1845.5444,-245.00366,1843.3232,1834.7722,-336.70557,1312.3301,2260.7905,-104.71913,1920.7943,2232.402,-297.10614,1357.8336,2523.0176,32.860226,1947.4252,2526.7217,-80.39531,1343.6099,2598.0383,51.712234,1970.6477,2616.2288,-116.072235,1366.6213,2580.2551,11.618581,1963.2332,2606.7947,-102.63554,1382.215,2555.476,32.297188,1937.4136,2579.51,-62.08936,1531.8501,2577.4055,10.7895775,1797.9897,2543.5312,-6.9739094,1571.4924,3002.3262,640.43066,1824.6105,2610.297,1524.6382,1640.2561,3515.6587,802.45605,1813.6409,2929.0593,2007.8115,1661.273,3599.8972,817.9453,1788.7203,3008.879,2052.8687,1640.5977,3561.8464,824.8113,1884.1499,2914.9487,2276.6416
IMG_20230313_152218.jpg,down,1516.0194,1274.8304,310.1438,1494.9003,1228.3503,135.66327,1475.1472,1229.4465,135.90883,1456.6592,1230.1703,136.08365,1551.4331,1230.7562,143.36945,1570.4553,1232.2789,144.13383,1589.7148,1234.3906,145.35759,1442.1909,1281.097,-468.06528,1626.9009,1282.1129,-395.04004,1492.3806,1336.2714,123.54032,1545.9204,1335.7776,143.14166,1289.3767,1631.9064,-775.2263,1816.0925,1624.0884,-465.4165,1205.075,2105.4197,-479.42188,1909.4453,2066.6284,-538.3811,1259.7931,2385.1863,-11.579863,1903.7288,2418.8352,-592.59216,1259.1171,2478.8438,-10.57851,1921.9954,2534.5352,-655.17847,1272.2632,2460.0818,-50.155437,1903.3744,2520.8372,-678.3977,1286.3118,2432.2656,-6.658922,1882.3508,2485.2324,-594.88196,1463.8145,2462.2083,-164.57324,1758.453,2410.4546,168.50668,1487.3806,3029.335,162.34146,1722.5249,2656.6963,1808.2504,1540.9706,3631.05,480.98285,1683.5138,3029.437,3058.8708,1572.0132,3754.5688,502.20538,1664.7024,3137.739,3181.1538,1483.4829,3623.2214,420.94678,1666.3181,2977.9336,3372.48
IMG_20230313_152221.jpg,down,1482.166,1638.4946,76.725395,1478.3179,1591.6074,-74.87526,1467.7878,1592.2505,-74.8698,1458.4308,1592.867,-75.15004,1519.3254,1591.2249,-8.229637,1534.3156,1590.333,-7.2322583,1549.5833,1589.9253,-6.377436,1468.5474,1630.6155,-592.47284,1595.4988,1620.4777,-252.17188,1475.7094,1688.7126,-83.6966,1509.0565,1685.3369,14.094226,1386.2743,1934.1492,-966.7011,1803.8582,1900.383,-57.231575,1329.8528,2367.9204,-761.87915,1856.4108,2251.21,138.30946,1315.9062,2655.5256,-290.87338,1735.4888,2496.3813,353.8785,1306.5317,2736.0132,-320.17023,1726.3586,2563.124,388.88025,1307.7792,2728.221,-317.84137,1692.9304,2562.9177,345.31207,1319.1309,2702.9985,-268.88742,1689.6943,2546.0303,341.76187,1471.6493,2605.4333,-368.01953,1689.408,2576.9448,371.58633,1505.7683,3064.5703,488.27032,1617.3748,2735.0125,1852.1726,1647.8613,3518.1836,1212.9622,1582.9185,3048.266,3243.5903,1720.156,3602.0251,1282.1306,1598.6389,3124.8523,3379.7344,1516.8821,3560.789,1137.9724,1469.0491,3040.168,3484.3086
IMG_20230313_152224.jpg,down,1468.5107,1414.1537,157.16873,1474.1456,1361.1638,4.2105365,1467.3796,1360.604,4.274178,1461.831,1359.866,4.070153,1507.3486,1363.1655,90.080414,1521.1909,1363.1058,90.42865,1535.5449,1363.4631,91.02995,1484.0183,1390.5906,-504.11426,1587.3184,1390.3175,-77.07261,1468.1589,1466.9313,-0.39993274,1494.866,1466.5605,121.8266,1389.7612,1707.7244,-820.52124,1781.3845,1689.8761,56.115448,1288.8352,2151.0269,-643.52325,1845.6211,2099.8772,90.37457,1262.8962,2477.3806,-310.91187,1762.3918,2421.087,4.59824,1247.3154,2569.366,-355.726,1764.4023,2513.6812,-9.769546,1259.8232,2560.4624,-360.51492,1735.5249,2510.1467,-75.64093,1273.1664,2533.318,-298.89154,1724.4844,2483.4985,-21.631546,1388.7397,2502.178,-334.99033,1597.0259,2457.9568,338.29868,1398.9427,3059.3494,84.15055,1493.3142,2621.776,1828.5677,1535.88,3586.7825,394.28394,1410.1584,2902.8474,3225.7273,1603.9838,3685.6157,410.16293,1412.5382,2989.4114,3359.1572,1392.9496,3621.0625,137.91856,1280.1265,2852.5513,3408.8027
IMG_20230313_152228.jpg,down,1390.0083,1618.3851,-1171.8479,1424.3774,1575.847,-1301.9556,1431.8257,1575.7678,-1302.1826,1440.2756,1575.378,-1302.4445,1433.4767,1575.342,-1119.7858,1443.5256,1574.4739,-1119.3756,1453.5865,1574.0223,-1119.0093,1510.7334,1597.0171,-1577.1116,1531.0114,1593.6614,-721.4134,1420.8037,1670.7661,-1261.1664,1424.5154,1669.312,-1013.43555,1636.7932,1912.606,-1868.2773,1573.4453,1861.6992,-99.29472,1632.3849,2290.9453,-1972.4279,1560.7546,2239.6848,73.9849,1485.6182,2605.4453,-2025.3666,1435.2991,2500.5984,-129.6503,1465.998,2696.6301,-2255.5732,1415.4048,2574.56,-109.43085,1419.2714,2668.434,-2255.4968,1386.8196,2562.812,-247.27747,1439.6853,2640.445,-2022.4395,1391.988,2538.4167,-201.35333,1571.2288,2534.906,-534.9671,1492.5463,2464.1458,538.54486,1532.4604,2945.6277,-908.3916,1200.4072,2519.494,1866.7656,1612.5641,3369.4214,-610.41406,1224.5739,2884.9558,2862.1152,1663.8779,3448.9194,-612.6316,1264.8986,2968.8794,2948.2712,1400.548,3457.3179,-1198.3342,1023.7542,2945.275,2891.2268
IMG_20230313_152230.jpg,down,1472.1982,1502.2986,-1241.8787,1510.1467,1459.9316,-1369.2931,1518.7681,1460.7399,-1369.5604,1528.4366,1461.166,-1369.9565,1514.6816,1457.9902,-1183.3496,1522.4088,1456.8035,-1182.9254,1530.042,1455.9956,-1182.3113,1595.6101,1487.9691,-1606.2603,1602.2422,1478.8123,-716.36475,1501.4315,1559.1594,-1317.2756,1499.6226,1555.8655,-1060.949,1700.1213,1814.0378,-1831.9362,1609.1685,1767.8391,-41.560818,1668.6302,2182.641,-1905.5867,1585.2744,2170.9863,183.1134,1509.0745,2520.6196,-1912.4937,1472.3047,2471.974,-78.388214,1491.9005,2610.789,-2109.6323,1455.1832,2556.9863,-61.20505,1448.4293,2594.1912,-2135.135,1419.4365,2544.3064,-227.26773,1461.007,2564.4756,-1920.1003,1424.9807,2517.767,-162.09642,1578.7607,2494.1218,-556.7332,1478.3953,2420.827,559.3574,1522.5024,3012.2957,-567.93286,1241.9581,2590.7678,1793.2966,1593.29,3502.3784,-402.5617,1186.6682,2983.8306,2873.5654,1649.9607,3587.4678,-425.89447,1222.4155,3081.2969,2961.9043,1374.8026,3631.4136,-1049.1664,943.6703,3055.8562,2828.1567
IMG_20230313_152234.jpg,down,1503.8386,1620.7805,-1178.4426,1544.7368,1572.835,-1174.4222,1564.9641,1570.4183,-1174.4773,1585.7897,1567.6174,-1174.4729,1501.5283,1578.3923,-1052.4188,1489.0134,1579.8625,-1052.1438,1476.2976,1581.763,-1052.3496,1653.9934,1592.5317,-940.04407,1514.908,1606.354,-383.45038,1564.8186,1668.8082,-1087.6982,1505.3392,1673.8445,-926.7612,1824.113,1911.9976,-898.6463,1483.8827,1864.522,173.77193,1832.7544,2330.172,-891.57556,1469.1262,2224.562,417.69,1746.106,2653.306,-1053.2119,1414.0873,2500.9377,-176.27776,1746.924,2747.357,-1180.78,1400.0924,2594.0479,-280.07642,1700.6179,2728.2673,-1276.1287,1387.3611,2583.2478,-419.649,1698.1941,2687.2615,-1078.687,1408.6404,2552.0474,-250.29433,1645.6205,2598.761,-273.6913,1417.5793,2518.4814,274.46808,1621.7216,3135.095,-352.6579,1080.3982,2767.841,-942.3404,1648.0901,3471.2742,772.0797,1153.812,3205.3162,156.46626,1664.6062,3493.3918,858.36414,1225.5759,3266.5254,248.33025,1535.7461,3696.5425,308.40738,955.5881,3395.2102,-185.87537
IMG_20230313_152236.jpg,down,1727.8542,1259.7493,-677.03845,1770.6266,1214.547,-708.6476,1789.0895,1211.9362,-708.50366,1808.4294,1208.9495,-708.9309,1736.136,1219.5461,-579.24805,1729.0215,1220.4347,-578.5488,1721.5579,1221.5067,-578.0726,1880.9429,1229.1849,-626.9851,1771.0068,1239.2214,-22.54659,1782.49,1308.7465,-638.50146,1737.6382,1313.6609,-463.12457,2053.6948,1538.1428,-772.5842,1722.0765,1537.0554,501.83597,2062.1477,1963.4186,-901.04443,1657.9384,1916.5458,833.36664,1944.0632,2332.3284,-1101.7711,1520.2747,2122.6143,593.6775,1952.4294,2449.1052,-1246.0981,1484.7273,2187.487,621.36,1875.4303,2428.6782,-1301.8936,1454.6111,2163.3618,500.48883,1870.3103,2379.1494,-1112.3354,1477.351,2145.1667,534.56445,1818.8193,2303.3408,-358.83475,1581.2517,2225.5386,359.24524,1768.7576,2936.2078,-533.8119,1190.9117,2411.8345,-397.38348,1775.1311,3426.3677,-23.276062,1215.3453,2940.9456,349.57947,1811.2888,3466.1348,7.5621977,1292.1301,3026.0713,406.59955,1603.9464,3706.7239,-512.20056,971.82056,3145.7007,150.65665
IMG_20230313_152239.jpg,down,1555.4207,1615.7893,-1339.3523,1591.5977,1566.7625,-1277.5886,1613.7754,1564.3069,-1277.7695,1636.4097,1561.4674,-1277.5867,1536.111,1573.0525,-1216.6907,1517.7456,1574.7205,-1216.0967,1499.2354,1576.8684,-1216.2213,1695.1095,1593.0382,-827.7927,1507.9915,1608.7928,-551.218,1615.3811,1670.8069,-1173.8031,1540.7329,1677.2959,-1091.5325,1900.4507,1917.6052,-560.1524,1404.7717,1919.531,-149.56433,1949.4893,2334.0322,-557.04346,1395.7155,2298.6191,-22.572655,1935.4512,2680.7788,-1159.5448,1383.8655,2604.5645,-705.1355,1962.7764,2791.0554,-1371.6637,1378.0599,2712.1057,-882.3228,1911.4951,2782.8606,-1510.4675,1384.2524,2694.2522,-1051.8145,1883.0774,2738.7253,-1223.8254,1400.9966,2653.2014,-795.7967,1742.4529,2667.448,-87.34618,1442.0094,2628.473,89.06419,1713.4698,3226.3328,-100.966644,1232.6941,2978.5034,-1546.5432,1699.1235,3637.025,1113.6539,1337.616,3479.845,-407.2777,1673.9454,3677.1316,1199.0452,1407.6357,3532.2239,-321.13733,1719.1365,3885.3564,512.24866,1227.3218,3734.9043,-1036.3915
IMG_20230313_152241.jpg,down,1671.8793,938.63513,-1218.4498,1704.4552,899.7428,-1127.3618,1726.2784,898.27124,-1127.8606,1748.7009,896.4209,-1128.0127,1644.0122,905.37463,-1081.9916,1623.861,907.595,-1081.181,1603.6357,910.30786,-1081.3392,1796.9697,937.9468,-619.8877,1599.4988,951.20667,-398.06992,1726.8271,1001.82446,-1038.3069,1648.8701,1007.2875,-972.05585,1975.86,1301.9949,-409.89084,1483.5741,1291.1467,45.19166,1998.759,1741.6416,-332.45203,1432.1086,1727.7188,245.37747,1963.5557,2081.2456,-815.8146,1338.2715,2048.877,-365.80106,1982.8004,2182.566,-980.74243,1309.3737,2157.196,-481.7401,1937.6115,2171.1726,-1115.6538,1306.1796,2140.4963,-678.52625,1913.9595,2128.4375,-871.553,1332.4309,2104.0144,-464.096,1759.1583,2062.3818,-114.03621,1448.843,1994.3322,115.402695,1667.5858,2645.5068,-212.51782,1161.45,2253.4978,-1759.6152,1589.2994,3129.4307,956.14465,1239.8223,2813.7688,-557.2191,1558.1525,3181.0364,1035.4465,1312.7925,2879.119,-460.18146,1601.8069,3387.99,342.24307,1102.0808,3064.3237,-1151.2289
IMG_20230313_151830.jpg,up,1594.4556,1091.6677,-1836.3762,1622.3628,1045.1907,-1709.1947,1646.4746,1045.465,-1709.0544,1671.1538,1045.3274,-1708.4258,1555.2659,1046.7135,-1725.3882,1529.3274,1047.0068,-1724.4929,1503.328,1047.8934,-1724.7339,1699.8651,1090.1519,-989.661,1466.1843,1092,-1058.0065,1641.9138,1157.2051,-1573.1233,1545.9285,1157.8091,-1591.5803,1851.7769,1451.9431,-504.97418,1284.7058,1439.4473,-750.9575,1902.1694,1859.1909,-311.541,1200.6104,1855.6274,-697.8471,1916.5858,2195.2603,-1169.6882,1210.4021,2212.0952,-1430.1836,1939.5934,2317.913,-1402.757,1183.2771,2339.3948,-1675.8549,1892.4349,2304.6553,-1601.4712,1258.488,2318.5208,-1840.288,1860.5328,2258.3484,-1265.2963,1289.1508,2268.8767,-1512.3921,1704.8258,2246.8735,63.844147,1385.1401,2246.8826,-61.157513,1683.0256,2731.3079,267.02728,1342.149,2732.1785,-594.6388,1634.8506,3163.5293,1415.0526,1429.668,3176.0352,855.27344,1594.8892,3214.798,1491.9376,1479.4785,3221.3271,957.42554,1703.4225,3409.3135,833.3359,1362.7695,3438.1895,250.92612
IMG_20230313_151835.jpg,up,1513.8632,1105.0615,-1846.6863,1543.1963,1058.1898,-1716.0326,1567.6487,1058.2117,-1715.7615,1592.6008,1057.7671,-1715.1016,1475.7489,1059.9286,-1731.921,1450.0758,1060.4082,-1731.201,1424.3237,1061.4521,-1731.8088,1625.4935,1103.2783,-977.0352,1392.1675,1106.5809,-1066.1025,1564.8877,1170.6451,-1576.779,1468.0667,1171.9832,-1600.1243,1787.8414,1478.0349,-436.87958,1217.1082,1464.5245,-790.7468,1835.2247,1896.4187,-210.30922,1134.5977,1890.8964,-757.60944,1848.3247,2230.079,-1092.3196,1156.5724,2256.0881,-1461.0328,1870.7245,2348.1016,-1336.288,1136.6785,2383.4192,-1719.573,1833.2439,2334.4434,-1536.0817,1204.8647,2360.055,-1875.4788,1803.1366,2289.783,-1197.988,1227.3643,2309.7754,-1542.3431,1662.885,2272.024,122.29516,1335.757,2272.1167,-119.42822,1620.8947,2789.494,405.93567,1277.2845,2755.123,-1143.7693,1598.4731,3247.6143,1632.9717,1364.7914,3260.8918,226.4407,1560.1895,3309.4292,1712.5579,1401.8252,3308.5972,316.56378,1687.9563,3471.628,987.55396,1350.1532,3519.2627,-503.5469
IMG_20230313_151838.jpg,up,1370.7267,1005.99097,-1596.2041,1393.2758,969.61597,-1458.4397,1414.362,969.3397,-1458.466,1436.121,968.5853,-1458.3506,1330.1611,974.6907,-1479.2335,1306.6436,976.9999,-1478.4501,1283.1202,979.78845,-1478.4985,1460.411,1016.97156,-748.31476,1248.9824,1032.1205,-814.1659,1414.8951,1072.019,-1338.5686,1329.3898,1077.2065,-1359.2992,1626.653,1390.8839,-299.38766,1095.9216,1399.8711,-471.5907,1712.7769,1786.517,-21.082748,1044.6031,1813.1636,-315.52386,1756.1506,2133.2817,-824.586,1028.9021,2165.9907,-867.3113,1784.8334,2248.8862,-1014.2305,1004.8844,2281.3481,-1012.6212,1752.2296,2250.3965,-1230.4688,1051.595,2278.5764,-1227.3956,1719.8726,2210.0032,-928.151,1084.6052,2236.3455,-962.0397,1538.6633,2168.0554,4.93372,1227.6984,2181.1572,-2.8252146,1566.5696,2720.5808,18.722527,1262.9905,2769.9714,8.395611,1552.0984,3272.4143,789.88684,1322.043,3292.231,992.2479,1512.5217,3341.2295,821.9758,1366.201,3352.702,1041.4524,1647.4604,3502.0015,96.88214,1251.3608,3537.1152,309.02377
IMG_20230313_151842.jpg,up,1529.9827,1250.9247,-1819.8594,1584.3872,1195.408,-1772.7976,1611.4124,1196.391,-1772.8586,1639.2334,1196.8417,-1772.7947,1523.6196,1193.5802,-1673.9579,1503.0638,1192.2487,-1673.243,1482.3174,1191.4979,-1673.6174,1712.6924,1236.832,-1355.889,1501.7743,1224.3331,-869.46106,1596.1132,1316.397,-1661.4056,1507.0325,1312.3535,-1521.0312,1898.9026,1642.5884,-1096.1833,1380.3022,1557.6853,-318.48822,1921.6659,2137.5337,-940.51917,1331.5126,1992.3955,-22.576094,1883.5557,2537.6309,-1301.8912,1266.876,2340.7185,-806.2172,1891.808,2657.6152,-1463.1085,1255.5073,2452.9702,-970.29333,1853.6794,2652.0234,-1611.7269,1256.6299,2449.7744,-1194.1356,1825.239,2604.048,-1354.3804,1295.6909,2420.053,-916.0851,1686.3987,2453.8123,-254.25696,1406.2739,2410.5256,257.06265,1665.8494,2974.1965,101.83674,1439.0367,2930.3682,1062.8151,1683.4105,3407.7488,1263.4434,1504.6421,3313.1406,2681.9482,1704.3367,3452.1409,1343.2155,1559.5222,3378.7168,2807.6025,1581.1146,3660.0881,638.5862,1353.8993,3510.7705,2239.04
IMG_20230313_151844.jpg,up,1485.6132,979.1736,-1437.6385,1549.2404,932.0165,-1425.43,1575.0569,934.78235,-1425.6075,1601.8833,936.9281,-1425.6006,1495.2543,928.45447,-1289.1686,1478.9891,927.2312,-1288.6864,1462.4996,926.6288,-1288.8693,1686.571,985.2346,-1165.9275,1502.6553,964.20874,-508.6283,1551.1711,1056.1077,-1335.6583,1474.5702,1048.9913,-1145.0388,1903.8843,1402.3351,-1033.228,1377.987,1352.9294,42.270927,1959.1373,1884.7491,-889.9801,1308.7665,1805.2632,399.6079,1884.3724,2274.3926,-1222.4192,1250.8706,2165,-381.67065,1888.9045,2403.0232,-1402.1615,1242.3772,2284.1804,-535.2816,1824.5874,2396.269,-1527.1592,1248.4246,2282.777,-762.6385,1802.2559,2347.46,-1260.0457,1291.2444,2247.2559,-495.54355,1715.4489,2271.0562,-336.9453,1428.1233,2249.1702,338.9386,1704.3776,2831.724,-327.95044,1440.5063,2826.0586,1039.9935,1712.2473,3345.3535,446.45755,1512.1571,3266.5542,2484.5703,1741.3442,3404.3428,490.50134,1580.896,3339.9998,2598.6506,1576.7317,3604.3916,-176.80725,1317.287,3475.005,2090.968
IMG_20230313_151846.jpg,up,1191.6461,623.9625,-1440.7903,1246.4136,570.8738,-1418.0259,1273.152,569.84717,-1418.4219,1300.863,568.13916,-1418.6956,1187.7874,577.1548,-1266.7501,1169.7804,579.4269,-1265.8258,1151.7301,582.3506,-1265.6302,1385.484,613.0531,-1107.3673,1190.7432,623.3795,-365.36264,1266.9482,694.55444,-1320.7606,1183.0814,700.25464,-1107.3206,1623.1747,1022.0613,-1096.7638,1139.5658,1058.7098,335.2646,1729.5388,1506.873,-1031.28,1145.0282,1543.4293,704.79834,1708.4233,1921.2106,-1458.3895,1093.8381,1940.0135,-76.934654,1738.088,2051.9114,-1672.8987,1086.2009,2063.5828,-184.31363,1658.4253,2055.7356,-1787.6986,1074.2988,2068.9006,-447.0455,1629.5115,2008.7668,-1495.6075,1112.2386,2029.2172,-208.95657,1512.6323,1966.8683,-487.54163,1239.3126,1979.705,489.47626,1554.0311,2572.6968,-478.2052,1316.3679,2612.422,1221.331,1638.6863,3177.577,221.01245,1434.5642,3127.6375,2540.9888,1696.4839,3262.1904,251.36667,1516.2384,3215.8906,2636.928,1496.9518,3428.1575,-488.88763,1230.7974,3344.491,2071.9631
IMG_20230313_151851.jpg,up,1290.0398,1427.3673,-880.1292,1339.9241,1367.0973,-1016.2322,1353.8442,1365.0935,-1016.2483,1368.4606,1362.7147,-1016.2209,1334.8739,1368.1235,-837.30164,1340.4532,1367.0546,-837.427,1345.5789,1366.4858,-837.62,1466.7557,1385.6981,-1270.5562,1434.1902,1386.7904,-441.0874,1343.6744,1488.2662,-950.3982,1328.6362,1489.0475,-711.9749,1666.916,1766.0398,-1446.1888,1428.9796,1731.6458,120.881226,1651.6345,2264.0742,-1432.089,1461.9274,2195.0808,314.51086,1545.6838,2661.1545,-1499.0762,1411.2441,2525.2463,192.44028,1550.6875,2763.5388,-1683.0298,1409.29,2610.9707,240.49234,1505.6487,2758.8267,-1715.3335,1366.3223,2606.3604,87.583305,1506.4996,2723.4688,-1515.1082,1376.5952,2583.2183,118.83969,1563.1907,2605.6157,-449.84998,1430.3259,2561.817,452.1764,1556.5001,3139.5542,76.14721,1454.5164,3044.0938,1052.382,1613.2789,3645.7114,781.05634,1568.1646,3470.142,1780.9656,1673.7917,3726.7412,818.2744,1642.3623,3556.4812,1844.0358,1396.443,3818.2314,433.39008,1340.189,3605.627,1688.727
IMG_20230313_151853.jpg,up,1184.6721,1047.3203,-919.944,1230.456,989.5243,-1058.8616,1243.467,988.16724,-1058.7766,1257.165,986.40234,-1058.7583,1226.542,988.3617,-865.9966,1232.4656,986.3705,-865.80005,1238.0461,984.8446,-865.8794,1349.934,1004.6924,-1302.5142,1320.926,999.2875,-413.56412,1234.3845,1106.2504,-985.0713,1221.5933,1104.2656,-729.5154,1543.7853,1350.622,-1597.7146,1340.4869,1334.9148,260.31287,1604.1807,1805.5178,-1715.4958,1392.1841,1762.4355,484.6983,1478.5033,2220.3203,-1859.4247,1318.346,2084.7534,268.687,1490.3804,2337.9702,-2095.7544,1305.4458,2170.1257,329.58838,1413.9717,2331.844,-2124.5337,1261.123,2159.824,137.42245,1417.449,2290.6763,-1868.9619,1269.5155,2136.6963,179.79391,1461.9536,2228.0999,-555.1051,1352.5016,2187.8652,557.414,1463.2252,2817.0808,-172.90334,1402.6416,2738.7976,1079.0288,1570.6914,3391.442,300.23557,1514.7711,3213.5256,1733.5522,1644.5542,3487.8276,309.9843,1590.1514,3309.7874,1787.8674,1327.9594,3555.2788,-158.29413,1260.2659,3338.5083,1602.0212
IMG_20230313_151855.jpg,up,1167.0642,1159.6025,-773.04694,1205.8644,1102.3234,-876.0625,1220.257,1100.3074,-875.96216,1235.3645,1097.8632,-876.00757,1191.1548,1103.1033,-694.0465,1191.4858,1101.4512,-693.58203,1191.532,1100.2347,-693.6488,1314.5138,1113.5504,-1019.99396,1255.6042,1112.3074,-179.4132,1217.6643,1211.8109,-805.90076,1190.6334,1211.9421,-564.2606,1487.7094,1419.7733,-1374.7771,1282.3372,1443.1113,472.8306,1531.7646,1840.7572,-1592.8784,1340.6461,1865.3579,605.9756,1409.8741,2230.322,-1787.8162,1288.7258,2233.3726,291.90613,1424.2759,2349.6924,-2024.279,1273.1372,2341.406,319.02527,1347.3344,2354.876,-2030.9907,1247.1166,2341.1104,137.87999,1350.2247,2319.4656,-1795.6329,1260.3372,2305.0894,200.43137,1407.4176,2312.8271,-583.531,1294.0886,2312.456,585.7152,1431.7106,2926.4275,-372.35242,1339.7764,2902.7354,989.8859,1526.4261,3548.2317,55.07029,1459.6482,3427.2612,1695.8296,1604.7256,3650.9443,63.94353,1540.3774,3526.8625,1745.3623,1299.0457,3727.3467,-448.55096,1207.3485,3570.1826,1440.4589
IMG_20230313_151900.jpg,up,1469.8992,1680.3293,-386.8224,1506.9607,1625.8472,-516.9599,1516.2994,1626.3053,-516.8719,1526.2208,1626.5553,-516.82776,1512.272,1620.1349,-356.6456,1520.3109,1616.8586,-356.46594,1528.4642,1613.9208,-356.2832,1605.0568,1651.8892,-865.0691,1608.5739,1630.7694,-138.15648,1508.5164,1743.2587,-485.3195,1504.8911,1736.649,-276.18396,1626.7405,1972.2892,-1122.4755,1809.3767,1917.353,241.12679,1623.0803,2464.7727,-1159.7085,1868.1738,2348.9873,375.93744,1450.3787,2864.181,-923.52014,1738.0317,2645.0974,350.6115,1427.5231,2978.6892,-1014.505,1724.0563,2711.92,341.67383,1390.1365,2958.9905,-1018.8862,1686.9913,2705.8865,244.18793,1411.408,2925.5955,-907.364,1685.2423,2698.032,300.20572,1601.8546,2823.7217,-413.3755,1712.5405,2779.4312,416.0139,1622.711,3355.7844,248.1141,1721.6107,3280.4287,1050.8383,1685.7886,3873.7417,860.91394,1747.2556,3718.581,1732.1951,1742.5764,3967.2007,904.4353,1801.0972,3823.2593,1791.48,1490.0492,3959.0164,722.1429,1538.5845,3748.9307,1717.9917
IMG_20230313_151903.jpg,up,1320.2308,1514.6938,-220.82782,1354.5947,1453.7385,-365.38074,1363.9768,1452.3434,-365.1042,1373.8458,1450.6542,-364.8454,1358.4443,1450.5718,-196.07687,1367.4937,1447.3127,-196.00832,1376.7329,1444.2527,-195.56055,1455.9037,1464.8636,-708.6715,1459.5376,1451.0941,68.819336,1363.4216,1570.8918,-312.81467,1362.3436,1567.3895,-89.38414,1490.3835,1775.4727,-985.8429,1662.918,1742.155,526.2246,1436.4568,2294.9412,-969.2745,1687.5757,2208.6318,638.7449,1320.7522,2701.3838,-658.32434,1611.3494,2549.9297,490.88495,1318.8234,2811.703,-765.1431,1615.5121,2636.1318,494.95563,1278.4829,2807.146,-754.03503,1585.2891,2630.5725,398.53265,1293.8278,2774.367,-640.86505,1572.7505,2610.352,437.94592,1521.2303,2661.4104,-483.02588,1620.0979,2619.5032,484.95416,1544.051,3298.533,-162.74039,1656.2158,3221.3389,858.4735,1644.0608,3911.9624,207.91237,1745.5708,3765.7844,1411.2137,1711.1301,4019.231,218.36896,1821.1959,3881.48,1454.1295,1412.3706,4024.4375,-52.369774,1502.6315,3847.317,1365.2794
IMG_20230313_151905.jpg,up,1387.89,1194.4905,-227.29372,1419.7637,1133.3616,-371.19995,1427.6226,1131.6396,-370.9416,1436.1078,1129.5375,-370.54575,1425.1643,1130.6658,-192.28088,1433.2681,1127.263,-192.34932,1441.6731,1124.1448,-192.40964,1512.202,1140.1495,-744.52344,1521.7544,1127.7399,67.636536,1427.5066,1251.0099,-330.89948,1427.3267,1247.3727,-95.84351,1549.3608,1465.6628,-1060.7224,1707.4734,1434.4795,523.7272,1490.4276,1966.1447,-1055.8256,1735.6504,1909.6123,694.13696,1365.8765,2322.4216,-689.3415,1667.6854,2232.7847,487.67957,1360.6482,2414.0278,-801.06384,1663.231,2317.705,475.37335,1330.9921,2410.2632,-789.1144,1645.7362,2300.1033,352.15955,1347.9457,2383.4197,-674.3711,1638.9994,2277.6768,422.26746,1540.0891,2363.7847,-504.90265,1640.1896,2321.5063,506.86865,1553.824,2990.2266,-72.98247,1663.3835,2937.5234,780.61475,1661.2437,3585.3198,404.8286,1743.7078,3508.1477,1291.4626,1741.0007,3683.3926,427.19708,1830.6357,3626.046,1329.7897,1425.8494,3699.5405,174.1037,1461.1321,3578.2651,1207.206
IMG_20230313_151912.jpg,up,1533.9337,1706.2756,592.6131,1532.9055,1665.2146,464.66382,1519.5916,1665.018,464.7553,1507.0833,1664.4318,464.80066,1574.9902,1668.1248,514.68835,1590.2119,1668.4326,515.6546,1605.7136,1669.2563,515.9785,1501.6299,1698.0691,-31.091003,1636.5591,1702.291,235.06525,1511.1444,1753.9331,438.1848,1549.8894,1752.4031,512.82227,1379.4729,1961.0513,-548.0266,1785.3528,2001.6726,312.70166,1335.9987,2370.261,-525.8187,1787.8436,2367.5579,503.58923,1261.051,2702.741,-352.15723,1654.7882,2531.7742,957.5735,1239.4363,2802.2861,-408.72955,1626.5146,2588.0342,1041.1104,1226.2064,2794.2993,-397.62167,1601.156,2578.4653,1004.2483,1245.7107,2762.158,-339.98376,1603.2799,2559.9146,948.3805,1414.3223,2713.619,-272.37778,1653.4458,2724.09,275.0051,1439.0076,3196.662,81.417625,1633.5884,3172.4849,954.07776,1487.9893,3687.2437,449.85068,1656.019,3615.4587,1434.9103,1538.926,3777.773,478.56354,1683.5305,3707.1677,1478.9731,1338.7054,3730.187,403.29648,1508.2559,3647.2703,1508.3516
IMG_20230313_151915.jpg,up,1591.1079,1372.9849,586.8449,1590.0956,1326.8339,414.77515,1578.1104,1326.3386,414.59064,1567.0574,1325.3965,414.9619,1632.2744,1329.2428,506.5985,1648.0845,1329.0388,507.6324,1664.117,1329.2911,507.6665,1571.2217,1357.6263,-193.19931,1704.5614,1360.4171,256.7848,1574.8868,1422.2649,395.14426,1612.9263,1420.7576,524.1107,1484.7913,1634.8042,-798.5506,1867.041,1661.0167,412.0716,1442.5032,2052.5935,-876.4741,1888.0479,2058.7993,534.88586,1374.4575,2367.6714,-840.6165,1777.7043,2270.5906,692.4303,1359.8976,2468.7026,-950.81854,1751.7168,2349.243,741.62134,1345.7777,2463.8672,-935.7827,1727.6172,2339.02,673.35815,1364.5372,2429.108,-832.61206,1734.8229,2308.0369,660.8235,1554.1359,2396.4773,-375.76724,1781.5931,2398.8696,378.79684,1568.8876,2917.4395,-95.659805,1771.2117,2902.2852,947.7526,1602.175,3445.7766,221.97324,1813.2241,3397.7017,1353.8325,1658.6422,3535.2388,241.78052,1856.4509,3494.412,1383.0789,1403.2356,3521.4475,71.65494,1619.008,3453.5466,1316.1146
IMG_20230313_151918.jpg,up,1446.1127,962.26013,551.77264,1450.4567,913.39185,375.2976,1441.0756,911.8955,375.50833,1432.5803,910.0177,376.04285,1489.3036,918.7505,482.29382,1504.5383,919.64197,483.3086,1520.082,921.0305,483.27594,1447.5713,941.01685,-222.07858,1569.8503,952.6461,300.5943,1439.3235,1010.5127,365.33084,1472.1719,1012.78516,515.9094,1350.599,1216.2837,-764.0344,1761.0046,1255.0002,460.10605,1287.3911,1641.8525,-688.72,1782.5933,1649.2739,560.8016,1238.7351,1947.4232,-339.43848,1705.5605,1868.1406,649.00226,1222.6917,2041.427,-401.61597,1692.2793,1949.3591,689.0166,1215.8483,2031.7267,-390.10052,1668.4292,1932.5227,641.2619,1239.3982,2001.8503,-325.16428,1669.8453,1901.1663,622.96686,1426.9888,1967.0505,-382.55817,1664.9242,1982.3428,385.28235,1425.621,2488.7383,-118.32382,1641.1238,2484.1519,884.1289,1450.2134,3022.3047,237.40306,1668.3379,2982.4873,1289.0879,1505.1729,3111.7231,258.10175,1706.3566,3079.0154,1318.1521,1242.3125,3099.1438,99.9675,1489.7118,3033.4124,1259.7181
IMG_20230313_151923.jpg,up,1575.9377,1541.1205,523.62286,1555.8988,1502.0743,381.1461,1538.2734,1502.9984,381.67654,1521.6068,1503.7189,381.49704,1606.712,1502.6835,382.78314,1623.6339,1502.458,383.828,1640.6628,1502.8007,384.44623,1503.1354,1545.9337,-109.91394,1667.0042,1541.3203,-72.37004,1553.5803,1590.2886,376.82404,1598.5608,1587.7638,385.62134,1346.2941,1844.4288,-374.01697,1815.4493,1857.8369,-298.9705,1248.6656,2259.3252,-136.0488,1878.2117,2283.5361,-140.2923,1287.0742,2497.243,338.4562,1852.2375,2534.6624,296.72336,1283.6704,2583.849,395.29883,1847.1958,2632.0715,324.4155,1299.853,2558.7717,364.55728,1845.7401,2608.1345,331.73737,1314.0502,2527.1855,348.1092,1835.6057,2570.466,318.8451,1436.3103,2585.3506,28.72564,1691.8861,2589.4243,-25.28099,1430.9456,3014.131,802.1306,1665.9924,3025.827,874.94934,1457.0538,3490.4707,1242.89,1612.7615,3486.2922,1157.5481,1467.0728,3585.4863,1280.7468,1580.2046,3584.472,1182.4377,1448.3815,3495.6072,1365.7546,1653.798,3498.9927,1269.3058
IMG_20230313_151925.jpg,up,1558.9521,1387.0299,913.98706,1538.0142,1347.4801,763.7698,1519.3809,1348.379,764.2678,1501.6624,1349.0264,764.402,1590.6523,1347.1825,771.78644,1609.165,1346.447,772.78876,1627.7765,1346.2001,773.254,1484.7808,1385.4309,195.97833,1656.6448,1379.266,251.8735,1535.7291,1435.2358,736.93225,1585.1343,1431.6846,751.61804,1337.5298,1683.5427,-146.56844,1812.1184,1678.5144,-10.308807,1244.298,2093.8503,52.657547,1900.5685,2093.9321,77.031975,1300.6207,2351.5596,369.50104,1885.4792,2367.7114,405.34558,1297.4032,2436.5908,401.4105,1886.3987,2463.3608,416.45874,1320.3539,2415.6453,363.1067,1880.4773,2449.3813,403.0564,1334.1716,2386.3616,375.89316,1865.5017,2413.5344,415.41675,1444.6412,2433.1118,18.893587,1710.2567,2426.0046,-15.287493,1476.2676,2912.6946,543.31647,1725.6094,2918.081,660.8224,1506.1812,3449.0042,811.2488,1713.1375,3453.1907,710.28217,1519.7656,3550.514,827.3695,1688.3708,3562.3777,701.4398,1487.2982,3467.6948,859.51355,1767.114,3474.2039,717.14087
IMG_20230313_151927.jpg,up,1414.1106,908.8185,609.5547,1392.0264,867.2151,460.7989,1372.2874,868.9429,461.3217,1353.5054,870.34094,461.669,1447.3018,865.29614,451.70407,1465.9865,864.00085,452.94678,1484.6803,863.249,453.35236,1334.4484,910.3623,-83.5768,1513.1384,897.83936,-97.29968,1390.0435,960.13635,443.21384,1441.7692,954.71387,437.35318,1190.3462,1210.1854,-327.3238,1661.2979,1208.0188,-327.5665,1134.0834,1626.1904,-173.9936,1746.6843,1641.301,-246.49606,1159.8972,1905.4943,-89.37335,1740.7957,1927.8191,84.27989,1145.3264,1999.2815,-95.17021,1744.1978,2028.0416,81.69275,1165.1086,1979.3943,-139.46518,1741.0001,2013.4404,52.734016,1183.94,1947.7074,-89.9081,1726.2478,1976.5251,89.29323,1301.5425,1972.2236,89.09204,1566.511,1959.6431,-85.2661,1331.9967,2443.7612,701.2394,1574.8618,2436.525,682.1937,1366.6663,2965.2842,1214.2378,1568.8004,2951.6228,975.90015,1374.4661,3064.9692,1252.4034,1546.3413,3058.0898,990.8278,1384.0365,2974.0042,1266.0105,1623.5295,2969.4404,994.4266
IMG_20230313_151932.jpg,up,1586.1333,1491.4373,440.63168,1559.1094,1444.4739,374.24338,1541.8318,1442.2683,374.8589,1525.2244,1440.0759,374.78564,1600.1166,1450.7773,282.71582,1610.7312,1451.5549,283.46497,1621.4176,1452.8014,283.40646,1485.1855,1462.0892,119.31758,1619.298,1476.8539,-275.49585,1560.1721,1533.9518,375.253,1595.6921,1538.5833,260.28217,1288.3293,1726.2002,231.19382,1692.754,1769.1371,-742.28827,1225.5891,2100.362,686.94055,1735.1964,2182.1912,-587.19025,1336.795,2262.6143,1025.2501,1775.5771,2475.096,-190.9788,1340.7947,2326.6975,1097.2246,1780.0537,2582.7524,-236.96402,1370.1123,2300.2441,1034.0107,1808.9934,2563.1003,-253.08438,1383.1775,2276.5894,1013.4366,1789.2305,2525.6125,-173.82312,1351.0117,2478.504,367.1763,1575.8872,2491.857,-364.1972,1371.7434,2942.2844,985.74005,1562.8994,2931.0654,329.42557,1387.1029,3411.528,1628.4265,1527.3516,3393.2925,1004.1114,1363.7068,3502.817,1677.2688,1470.1931,3487.9712,1059.1654,1527.8855,3442.4065,1629.5944,1677.7715,3440.2815,989.7896
IMG_20230313_151934.jpg,up,1556.8613,1459.2731,679.53845,1525.0581,1413.4794,590.4445,1506.8225,1412.585,591.2112,1489.2426,1411.5946,591.3486,1569.6508,1416.5492,501.62708,1581.8042,1416.3772,502.55133,1594.129,1416.6656,502.8499,1450.6774,1437.2234,252.367,1594.5359,1441.8625,-138.96646,1532.205,1505.3462,583.9237,1572.5306,1506.6504,469.38593,1260.2288,1718.1458,291.42007,1671.7189,1731.4026,-631.115,1177.462,2108.8506,587.3004,1723.2185,2160.711,-573.4284,1264.4192,2339.19,723.9169,1775.8257,2464.3296,-300.20956,1263.6876,2417.989,766.3211,1785.7178,2567.6294,-350.93155,1293.0947,2397.4082,715.1039,1807.5623,2550.4316,-368.08493,1307.9866,2366.3093,713.46985,1784.5684,2513.8938,-286.8108,1341.6289,2481.4812,415.35657,1572.4453,2479.644,-411.3705,1382.0071,3001.4963,860.4916,1567.0317,2976.7485,-8.878815,1387.0676,3513.8818,1322.551,1530.0569,3527.795,345.51547,1346.4003,3614.7324,1350.3617,1460.0812,3636.51,361.7434,1579.6721,3547.3457,1354.5013,1744.8973,3583.7397,288.84625
IMG_20230313_151936.jpg,up,1699.4366,1283.4619,464.18445,1669.0173,1230.5925,394.67883,1652.8597,1228.5166,395.3692,1637.3557,1226.3759,395.43427,1705.7517,1235.8453,286.50507,1714.116,1236.1714,287.22424,1722.7402,1236.9125,287.38867,1592.6572,1244.393,170.91852,1711.9661,1256.6633,-310.60138,1673.6399,1327.3088,412.55438,1705.0662,1331.3394,272.10892,1384.3909,1515.6016,332.93686,1784.6765,1542.4753,-785.7779,1311.4554,1891.7372,648.7581,1837.0503,1962.5189,-675.8584,1389.103,2141.397,660.0804,1867.8491,2250.071,-283.07425,1394.1624,2232.4207,684.7302,1868.8416,2353.2405,-330.14554,1413.7896,2219.3687,622.6224,1895.4099,2337.5037,-355.02878,1424.6592,2184.8682,639.08466,1877.5972,2302.3345,-268.49643,1452.4177,2274.079,458.78055,1672.1173,2276.6372,-454.80353,1459.3981,2786.2793,924.4934,1646.2573,2788.0515,-60.43447,1418.2915,3301.6667,1410.4515,1592.5953,3321.3804,335.15323,1371.7004,3405.2847,1440.2563,1526.1124,3429.4302,356.33502,1592.2549,3335.586,1407.0186,1774.2058,3373.5845,226.70047
IMG_20230313_151940.jpg,up,1713.2932,1785.6394,-562.87524,1684.1016,1731.1973,-506.55963,1678.0107,1727.7373,-506.2744,1672.5393,1724.2026,-506.75958,1684.4711,1736.352,-676.86774,1675.6631,1735.512,-676.49695,1667.1398,1734.9999,-676.49744,1607.8545,1730.2108,-181.63179,1603.6132,1744.5112,-940.21204,1684.6198,1823.4666,-414.7436,1675.8677,1828.1738,-635.4761,1458.3549,1987.1493,377.37906,1561.9109,1992.082,-1226.7422,1500.9548,2367.2842,719.5126,1622.6091,2412.7515,-1284.045,1575.9319,2635.89,616.0929,1705.7032,2746.0903,-966.2156,1587.7358,2708.1943,648.24646,1704.5665,2834.0652,-1051.5543,1608.9609,2706.9587,521.80725,1739.042,2825.3628,-1044.522,1604.6924,2685.4766,559.3337,1734.8921,2800.757,-942.67175,1490.2312,2662.1736,525.0493,1549.0293,2687.8423,-522.30927,1536.1221,3064.9219,1355.6685,1558.1423,3149.272,170.82257,1507.8508,3494.7612,2187.2559,1504.6104,3566.8838,954.098,1448.831,3581.2783,2253.7297,1440.228,3646.528,1015.2402,1717.1107,3568.2534,2133.5222,1682.7654,3654.105,731.019
IMG_20230313_151942.jpg,up,1828.4897,1760.1575,-474.20898,1799.0256,1696.1815,-424.13123,1795.1489,1692.4998,-423.83893,1791.8148,1688.6179,-424.09305,1791.4839,1700.6233,-589.03436,1779.0348,1699.2219,-588.66565,1766.7693,1698.0408,-588.5904,1723.8555,1693.4714,-85.36276,1692.3176,1708.012,-825.54504,1800.7438,1803.3362,-320.44476,1782.9204,1807.3223,-535.0652,1599.1079,1986.5527,479.4662,1612.5586,1974.3252,-1133.4271,1676.8389,2416.0635,754.02,1682.7681,2423.3354,-1277.7782,1788.4186,2754.284,522.48584,1799.9326,2784.8916,-1188.8141,1817.2388,2840.9304,523.69824,1806.1033,2878.4946,-1315.4148,1824.8899,2843.9495,389.73004,1849.7897,2866.9958,-1309.7402,1809.0706,2818.3757,460.93134,1840.0193,2843.8345,-1171.5173,1602.5958,2751.5498,535.0109,1619.3218,2770.2324,-532.11414,1617.9972,3273.0518,1007.4922,1639.209,3330.077,-209.53546,1569.6881,3770.4844,1583.582,1590.0897,3863.0266,196.48251,1498.5596,3862.08,1619.4869,1507.5742,3953.4475,211.14647,1808.9177,3885.557,1469.6719,1839.9803,3997.546,-136.46408
IMG_20230313_151944.jpg,up,1699.2739,1073.4482,-629.4162,1666.4799,1014.4331,-560.92334,1661.2584,1010.8209,-560.62195,1656.5739,1007.0873,-561.1598,1661.3419,1021.3152,-744.1606,1649.4087,1021.614,-743.7448,1637.6951,1022.2075,-743.6366,1586.772,1019.49036,-168.46944,1565.6558,1039.8872,-980.1974,1673.1394,1118.3452,-454.44348,1657.8899,1125.2288,-690.5421,1448.061,1325.1375,449.9831,1506.6385,1318.8868,-1334.9967,1493.133,1745.7769,776.5186,1559.153,1745.3137,-1575.383,1587.4933,2071.658,534.8421,1663.4176,2107.0693,-1527.392,1610.826,2161.238,530.7068,1666.3846,2208.7212,-1670.6304,1626.1833,2163.7773,387.99725,1710.0181,2198.95,-1675.2937,1614.9114,2137.9763,466.12546,1702.9324,2170.9019,-1514.8278,1486.928,2085.9438,581.1116,1524.055,2109.1611,-577.9654,1511.1636,2550.2314,1354.7203,1505.3229,2640.2175,103.09242,1463.6443,3029.522,2206.4702,1422.9568,3101.9983,920.1787,1396.7205,3121.6406,2268.9075,1345.8978,3180.9087,980.75977,1694.6682,3123.7954,2090.6926,1630.3656,3216.5737,614.57117
IMG_20230313_151949.jpg,up,1918.1885,1493.3202,-870.26074,1891.1818,1438.6068,-785.77527,1891.5491,1434.687,-785.74,1892.8572,1430.6908,-786.09607,1874.8625,1446.6362,-952.8683,1859.541,1447.5684,-952.7886,1844.3928,1448.9528,-953.0801,1834.5969,1443.3674,-348.70776,1772.4456,1469.5199,-1086.3602,1901.3405,1536.2335,-693.15137,1871.6526,1546.0819,-907.34717,1824.2075,1741.8142,201.71114,1628.0757,1776.0846,-1357.4457,1843.7948,2107.9707,496.603,1616.2651,2184.7937,-1585.3325,1873.0598,2422.9983,106.14925,1673.2422,2532.829,-1629.1724,1882.4548,2516.2688,57.94179,1654.2727,2635.7878,-1790.2041,1894.0796,2509.6982,-114.87737,1714.3098,2625.115,-1812.8982,1875.9924,2481.0706,16.155867,1730.4346,2586.032,-1628.9359,1832.248,2461.216,480.9535,1728.636,2498.61,-478.50995,1837.6506,2840.184,1578.8425,1708.9244,2939.2632,372.88812,1770.631,3202.98,2693.3428,1657.6143,3328.7556,1411.1462,1711.7065,3271.003,2784.3564,1604.9089,3390.0273,1496.141,1965.2047,3322.7412,2570.312,1798.3015,3481.913,1099.76
IMG_20230313_151951.jpg,up,1822.5222,1316.3843,-817.7953,1801.6062,1271.2919,-704.12805,1804.5399,1270.432,-704.0359,1808.4368,1269.303,-704.5146,1778.0781,1273.6096,-868.317,1761.535,1273.5175,-868.1627,1745.0364,1273.8472,-868.513,1759.5625,1293.5269,-169.54243,1677.1841,1301.872,-908.82117,1814.1631,1370.1943,-612.19946,1777.4187,1372.7473,-827.39453,1751.1982,1633.8245,434.41214,1530.9576,1624.435,-1277.3833,1756.187,2026.5255,692.3163,1530.5612,2033.3027,-1602.9573,1770.1014,2397.3457,256.80353,1601.5833,2419.5103,-1707.0266,1779.9467,2503.3416,233.58615,1577.1492,2528.4333,-1887.1489,1780.397,2505.223,44.82748,1651.3528,2524.8037,-1895.8188,1762.3392,2471.859,160.4111,1665.3645,2488.9524,-1702.6243,1739.2458,2391.0671,548.22125,1617.0208,2420.044,-545.6405,1740.4617,2874.9006,1365.489,1593.3599,2983.847,-59.830456,1668.6819,3358.4414,2229.9062,1527.2646,3471,619.5156,1600.3826,3447.0244,2288.0234,1463.1107,3541.2085,658.10547,1910.6604,3486.1885,1987.5004,1699.1052,3642.9536,129.16125
IMG_20230313_151953.jpg,up,1731.1373,1031.5598,-738.4233,1712.2921,983.0737,-633.03827,1713.842,980.34937,-633.0301,1716.349,977.2682,-633.5596,1692.1895,988.9192,-800.1631,1676.198,989.3014,-800.095,1660.3774,990.1122,-800.522,1665.8279,995.6847,-134.82416,1593.9781,1014.40894,-879.98755,1718.3287,1080.9464,-545.70386,1684.5718,1087.0226,-761.9528,1653.8646,1327.6107,497.34326,1444.2625,1330.1663,-1265.9004,1676.7507,1721.0898,816.0902,1458.7297,1742.2728,-1603.9625,1724.0808,2018.9672,437.11816,1531.5095,2120.995,-1846.7944,1741.5034,2102.6353,425.48135,1502.3591,2234.7285,-2047.3187,1752.7478,2098.2954,226.95319,1582.3132,2227.6528,-2056.5376,1735.597,2072.3347,335.85593,1597.6536,2188.731,-1847.0295,1687.3254,2110.7024,563.9252,1566.7365,2149.9104,-561.17236,1728.3635,2627.7751,1204.5348,1567.279,2715.5872,-99.90779,1663.5575,3146.366,1977.3806,1508.6564,3233.9126,587.26654,1590.3789,3239.124,2025.112,1434.2236,3316.023,627.1763,1917.6682,3266.4175,1741.2058,1709.7065,3385.2122,150.0231
