IMG_20230313_152747.jpg,down,3000.8914,1501.6946,-64.72897,3046.9644,1533.0128,-148.89096,3048.1895,1542.5681,-149.04001,3049.4746,1553.8425,-148.86119,3046.8374,1524.3531,-13.040294,3048.1619,1526.7048,-12.834043,3049.803,1529.4272,-12.826827,3032.5654,1624.7275,-324.78537,3033.5703,1592.6375,279.04074,2960.2632,1527.0581,-109.7487,2960.267,1513.8978,64.82695,2819.3281,1684.2256,-690.7743,2782.541,1642.9385,745.2475,2500.269,1676.5176,-962.7287,2440.6125,1615.8799,864.69794,2176.7747,1580.0596,-884.0372,2185.5266,1533.4551,645.75995,2075.7458,1578.5907,-995.52277,2109.219,1520.5457,660.077,2085.0852,1541.1963,-959.0981,2104.6475,1515.3105,534.4619,2110.753,1533.1738,-861.0754,2122.578,1518.3381,584.0475,2100.3586,1592.051,-408.14322,2108.7847,1590.908,408.18048,1719.4331,1492.8784,-415.87918,1748.8625,1524.643,460.73166,1334.7834,1284.2615,-165.01682,1298.261,1448.6284,493.3817,1210.8682,1443.2334,-154.05132,1201.0864,1477.5817,487.39783,1195.5165,1247.9109,-430.37527,1225.417,1277.453,314.97333
IMG_20230313_152749.jpg,down,3072.442,1837.6497,-94.08585,3120.3718,1874.8568,-166.70688,3122.156,1884.3651,-166.96269,3124.1313,1895.2664,-166.93349,3120.3281,1866.6018,-42.798767,3122.1453,1869.3226,-42.591377,3124.307,1872.1736,-42.60628,3109.961,1958.3425,-306.12796,3106.5642,1931.035,234.84914,3028.0781,1864.1528,-127.48353,3028.6033,1852.2916,29.766327,2878.2834,1999.133,-659.29254,2832.7847,1978.5461,698.5278,2521.6938,2011.5869,-884.16864,2493.8296,1932.1945,883.56775,2188.932,1901.9841,-807.1304,2222.5386,1830.0491,747.14,2073.58,1916.9594,-909.4112,2139.7578,1811.0706,764.0698,2080.6985,1866.2891,-889.45404,2149.8284,1807.3773,646.53705,2111.7568,1855.4299,-787.54004,2167.4932,1822.6692,689.44824,2119.6104,1923.1458,-370.779,2125.1006,1914.9781,370.73477,1664.4524,1771.3407,-526.9188,1675.9136,1927.6897,319.18683,1256.0967,1586.7329,-441.6958,1179.3972,2036.4053,226.80086,1103.9843,1717.3384,-445.95215,1088.3436,2109.52,204.57043,1155.5286,1436.3147,-719.60443,1058.4214,1903.147,-2.0216043
IMG_20230313_152752.jpg,down,2962.2915,1966.667,-1106.478,3005.47,2014.3423,-1206.7366,3003.3362,2026.6802,-1206.772,3001.2512,2040.3909,-1206.938,3011.2183,2000.1392,-1057.0125,3013.5122,2002.3564,-1056.9358,3016.5444,2005.0137,-1056.9426,2968.1748,2110.4275,-1376.8147,2987.8574,2070.0938,-703.33716,2912.5444,1988.363,-1147.1287,2916.6335,1971.6775,-952.3097,2668.5435,2150.294,-1541.1431,2736.3848,2004.9796,-124.54397,2306.0356,2061.2615,-1521.6217,2406.4463,1942.2329,281.05,2037.8468,1925.023,-1294.5216,2233.9907,1836.5131,43.595573,1950.4263,1913.2925,-1424.8955,2174.1328,1783.1891,30.14104,1969.2888,1867.4277,-1436.234,2176.7764,1782.497,-123.76568,2000.9932,1863.8881,-1283.8422,2181.5845,1804.8906,-28.288055,2060.5112,1985.0042,-392.67157,2112.4868,1873.0732,392.54544,1704.7141,1969.3057,39.535763,1836.1108,1680.6533,1274.4629,1338.4143,1958.692,695.53796,1522.6829,1491.7424,2244.449,1274.5298,1987.3523,739.8651,1430.0607,1480.9326,2330.7512,1184.494,1818.2622,353.601,1495.124,1325.5708,2192.8408
IMG_20230313_152755.jpg,down,2810.7852,1693.4432,-952.4811,2851.5,1728.5981,-1043.8628,2849.769,1737.2355,-1044.0569,2847.9395,1747.3026,-1044.2997,2856.329,1721.7301,-900.2706,2858.079,1724.9312,-900.08234,2860.0967,1728.4075,-900.1028,2812.0657,1823.2427,-1215.9198,2826.2986,1797.015,-575.96643,2757.9321,1712.237,-997.7978,2760.979,1701.9504,-812.35767,2513.5266,1872.8384,-1445.2677,2553.413,1763.6416,5.775793,2141.2815,1841.0452,-1510.3538,2284.9785,1715.8633,543.73914,1852.1973,1700.9685,-1424.3798,2132.3013,1636.4835,545.539,1769.7723,1704.258,-1583.4792,2068.2112,1611.9431,570.75824,1777.4683,1666.3923,-1581.1871,2122.821,1622.3015,428.8878,1805.7734,1659.5645,-1413.4215,2109.664,1609.7289,483.58228,1858.354,1774.4688,-384.6537,1909.1564,1664.2738,384.4559,1524.9337,1782.79,332.37167,1601.0745,1510.6464,1228.7761,1178.0942,1819.8967,1184.1116,1336.1964,1341.3647,2210.5403,1121.9232,1868.939,1251.5059,1258.853,1362.4927,2302.1516,998.577,1664.5001,906.40454,1232.7554,1278.5531,2152.2256
IMG_20230313_152756.jpg,down,2818.4497,1684.7622,-864.36676,2860.1228,1719.5378,-956.1204,2859.6748,1728.1116,-956.38214,2859.3506,1738.5884,-956.6277,2861.5793,1711.5977,-803.187,2862.0444,1713.4822,-802.96783,2863.0952,1715.3674,-802.9436,2830.6248,1811.3115,-1145.2859,2837.0864,1777.482,-457.79346,2768.7825,1701.4902,-917.2072,2771.3608,1689.2837,-718.12714,2552.2866,1870.0464,-1425.6213,2568.6082,1752.2029,115.08213,2188.0205,1828.3604,-1562.4666,2251.0522,1711.649,505.16803,1881.116,1679.0703,-1509.7657,2002.5701,1618.7238,287.24094,1791.8508,1677.3247,-1693.2175,1943.973,1592.9634,277.89795,1797.183,1637.1345,-1670.6047,1943.7344,1560.5354,114.432465,1827.4076,1629.2871,-1492.6041,1946.5092,1589.8821,209.37186,1872.9138,1736.689,-408.5869,1902.4628,1648.5916,408.29797,1494.5653,1756.1267,326.4075,1592.0198,1490.016,1203.3368,1190.2999,1811.0476,1178.732,1304.3885,1401.9905,2144.745,1145.6943,1860.9304,1244.8181,1276.8849,1321.714,2231.286,1016.9764,1676.2826,854.6123,1228.6812,1265.2487,2047.5219
IMG_20230313_152759.jpg,down,2502.5176,1491.4253,-1497.8585,2523.2092,1538.1119,-1565.8406,2512.577,1550.7112,-1565.7899,2500.9414,1566.0205,-1566.018,2539.854,1526.9879,-1465.1694,2543.5728,1529.3405,-1465.2417,2547.8713,1531.0524,-1465.3832,2440.8452,1630.6033,-1562.6587,2500.8765,1572.8818,-1111.3693,2440.0652,1497.1438,-1468.1329,2452.1575,1481.2212,-1338.6858,2154.4907,1615.4973,-1498.0605,2407.5405,1475.9054,-552.2046,1900.4844,1530.0208,-1429.109,2178.0352,1371.2593,131.89078,1731.0541,1345.3014,-1339.8898,2064.7327,1248.6443,310.1961,1660.3486,1321.172,-1456.4891,2019.362,1205.1315,330.348,1684.7224,1286.3235,-1505.0187,2019.5353,1210.0743,201.7064,1710.7789,1290.0579,-1349.5021,2028.702,1226.1794,261.55573,1794.662,1392.1373,-242.55103,1925.5286,1263.4932,242.04182,1567.0343,1290.2068,682.3903,1751.1279,1040.8098,980.5596,1407.2932,1245.5242,1730.1849,1557.7998,813.7206,1861.7383,1389.1998,1258.9624,1822.9734,1504.8054,805.39954,1941.1895,1316.7605,1118.5548,1532.326,1531.2811,637.2315,1746.8276
IMG_20230313_152801.jpg,down,2492.7637,1965.6434,-1687.4312,2509.9456,2015.9777,-1766.7131,2498.9897,2028.3153,-1766.5712,2487.535,2041.2971,-1767.0604,2531.2078,2001.937,-1660.2809,2536.3652,2003.845,-1660.586,2541.7686,2006.9077,-1660.731,2423.44,2118.3838,-1828.0681,2489.9026,2075.9463,-1363.7566,2420.783,1982.864,-1680.6616,2444.5286,1965.6602,-1547.2096,2087.0825,2111.977,-1712.2737,2393.6094,2087.2275,-836.11835,1836.5574,2027.8855,-1484.9906,2151.428,1995.406,-80.10555,1670.2628,1903.356,-1119.2107,2110.9155,1895.9204,292.64594,1606.013,1892.8055,-1208.609,2123.8801,1880.947,339.82333,1640.3099,1867.1012,-1224.9934,2123.9348,1870.0161,232.65335,1664.4059,1868.4663,-1117.3785,2074.123,1880.0005,258.91995,1708.177,1964.4115,-269.49667,1858.2931,1896.5332,268.9379,1513.9364,1813.4353,746.76013,1669.5743,1665.7705,1318.6588,1359.9651,1693.1678,1765.6456,1506.174,1551.8081,2432.9302,1332.1661,1701.4537,1867.6539,1443.8698,1575.6255,2552.5012,1346.4698,1532.0696,1715.8293,1477.5,1470.7139,2525.255
IMG_20230313_152804.jpg,down,2427.7822,1607.4963,-2164.9927,2411.9214,1655.3074,-2229.5662,2387.4524,1664.5417,-2229.1187,2361.3054,1677.9993,-2229.2302,2462.7388,1649.0466,-2212.964,2477.7932,1652.1848,-2213.2947,2492.9485,1656.9866,-2213.1343,2305.437,1729.3611,-2054.82,2513.6194,1690.6681,-1981.083,2377.326,1590.5402,-2049.7017,2437.3184,1585.9822,-2029.0669,2133.453,1657.685,-1568.3142,2589.2622,1604.1859,-1456.7897,2029.796,1448.6193,-976.2291,2549.0693,1427.4542,-663.22864,2062.3518,1231.831,-582.0797,2467.988,1253.2488,-144.32516,2058.5698,1153.9833,-574.9922,2456.5034,1186.001,-110.311844,2079.2266,1174.8713,-611.2578,2443.8843,1193.5398,-169.31044,2090.0334,1205.5653,-579.5078,2439.906,1215.6285,-148.48827,2186.9495,1298.6678,-27.136719,2382.9224,1255.1897,27.911978,2206.9988,1146.272,981.4879,2321.3203,1008.9863,884.44,2175.0146,1145.2817,2098.463,2274.6455,799.3429,1928.8535,2199.2832,1105.924,2206.8772,2262.5452,777.0009,2029.0491,2215.0454,1009.2522,2062.984,2259.0466,624.9642,1822.476
IMG_20230313_152807.jpg,down,2483.6667,2212.2327,-2680.0486,2456.1484,2272.8848,-2749.549,2430.7546,2283.24,-2748.8103,2409.2024,2294.9146,-2748.9126,2535.1807,2266.0405,-2742.2454,2557.4758,2271.2285,-2742.8335,2576.22,2276.811,-2742.7844,2362.9976,2361.3955,-2492.348,2597.0437,2324.9526,-2469.9543,2439.291,2203.388,-2524.8872,2508.2288,2196.4138,-2519.2834,2171.2349,2312.0283,-1808.2848,2695.136,2225.4556,-1842.775,2090.2874,2094.6248,-916.85187,2637.1719,2051.0618,-962.6923,2152.1719,1918.7466,-204.96423,2514.4739,1930.6003,-257.85782,2148.601,1875.6482,-122.75869,2485.7708,1884.0227,-190.99857,2172.474,1898.7653,-142.92342,2457.4165,1891.9077,-232.01572,2179.96,1921.7948,-185.5319,2459.6035,1916.3071,-247.20802,2215.108,2005.7444,20.765987,2435.7078,1943.1149,-19.564053,2205.5647,1863.9097,1163.7701,2376.6086,1625.0911,895.53046,2190.1372,1877.3347,2385.1997,2333.9338,1339.3071,1939.3279,2194.5808,1876.0486,2509.3752,2317.1594,1320.5254,2041.345,2170.1443,1803.49,2422.4136,2273.54,1165.2745,1806.793
IMG_20230313_152813.jpg,down,1358.5443,2188.1099,-1392.8191,1299.4039,2244.6306,-1357.1133,1293.5334,2245.2559,-1357.4508,1287.258,2246.3032,-1357.9816,1325.7974,2269.8992,-1457.081,1341.3975,2290.1206,-1457.4668,1357.8055,2312.4395,-1457.8396,1334.2263,2313.601,-956.76263,1433.4232,2399.7656,-1396.3401,1414.897,2169.3423,-1210.4459,1444.3037,2198.8528,-1335.4595,1562.3875,2050.3647,-329.93866,1893.6301,2427.3435,-1403.1713,1952.4128,1939.4209,426.12894,2365.4932,2343.5327,-1398.7145,2127.4526,1834.5657,637.0936,2679.3152,2025.5955,-1410.6982,2215.1567,1802.5433,635.13776,2795.8484,1969.6527,-1526.1969,2231.6028,1775.053,547.3156,2743.2898,1911.8105,-1588.757,2220.237,1802.9878,606.37695,2702.0037,1918.3359,-1421.6807,2497.271,1853.8832,338.63666,2651.321,2032.2937,-339.01083,2923.4177,1833.3995,1630.6735,3137.344,1532.0061,-276.05795,3214.1091,1902.0062,2950.4983,3498.308,1009.8572,-100.74578,3274.7495,1943.3683,3080.8357,3619.7466,995.49854,-82.26782,3311.8264,1730.5968,3111.622,3635.5437,804.0995,-452.62457
IMG_20230313_152815.jpg,down,1422.7549,2165.7073,-2649.454,1349.9282,2227.5032,-2581.2625,1344.8553,2225.1174,-2581.2637,1341.4517,2222.5518,-2581.7751,1381.7588,2260.8428,-2716.9258,1403.6055,2285.2834,-2717.6008,1466.1858,2319.5605,-2718.4258,1395.1609,2270.5647,-1977.0164,1522.7524,2391.9922,-2585.325,1492.4741,2140.7341,-2386.4043,1543.0391,2189.9917,-2563.665,1649.5692,2078.772,-1014.41956,1982.4528,2382.4514,-2506.161,1967.3337,1980.5098,210.1609,2564.3914,2289.7446,-2552.8762,2079.9558,1898.7671,819.59784,2828.023,1978.6248,-2656.0554,2118.1206,1875.9355,916.81726,2944.0132,1926.4647,-2871.836,2098.8567,1891.6736,788.7959,2882.3726,1875.5232,-2910.772,2094.391,1904.9092,788.3028,2841.5745,1881.6399,-2662.7563,2495.1155,1930.745,430.7714,2658.8887,2088.175,-431.83038,2955.8657,1805.8906,2242.4429,3111.365,1640.1522,-228.5578,3173.2598,1816.384,4461.4175,3387.6375,1255.1747,520.20166,3216.5972,1847.8877,4692.196,3475.714,1284.5995,600.0475,3271.3389,1616.5596,4627.2896,3594.3394,946.3486,92.72797
IMG_20230313_152818.jpg,down,863.0773,2598.1191,-115.73259,802.79456,2639.7502,-40.0413,803.04895,2642.9746,-40.528805,803.05457,2647.3008,-40.48075,801.4215,2664.046,-229.26645,800.7566,2682.0815,-229.40672,800.0178,2703.5005,-229.63652,835.1012,2736.8184,382.15125,835.0925,2812.0466,-466.71936,940.2158,2613.9346,65.963,940.7356,2643.3628,-179.87233,1263.214,2660.4119,924.79755,1171.9796,2948.1108,-926.47546,1778.666,2667.4407,1150.8518,1687.2767,3015.1519,-1310.5717,2142.3123,2553.8345,764.1594,2182.177,2805.05,-1417.3992,2281.9907,2550.9746,711.51556,2329.6948,2781.1929,-1597.6603,2276.8472,2530.8105,548.0017,2307.8137,2699.5518,-1570.2035,2237.487,2538.1477,671.6567,2262.266,2689.7676,-1395.6034,2257.537,2685.257,524.4441,2269.4285,2796.4907,-522.8465,2904.7358,2636.3684,552.92,2867.717,2521.4246,-1246.7878,3586.5776,2879.7996,854.07495,3582.465,2114.1765,-1443.7861,3682.5906,2980.6138,858.5659,3735.4065,2164.391,-1488.0378,3829.5513,2711.659,519.5927,3683.2114,1739.4899,-2067.1416
IMG_20230313_152821.jpg,down,736.51733,2382.1948,-315.1038,666.8019,2428.8333,-261.81427,666.00684,2431.9185,-262.0811,665.3877,2435.876,-261.93076,670.8457,2451.1165,-440.23245,673.2068,2468.6184,-440.30142,676.0392,2488.7715,-440.41898,706.8517,2517.0464,124.67433,723.7821,2591.0571,-682.9787,815.54785,2398.0547,-142.50208,817.0929,2425.8015,-375.8634,1115.8307,2479.1235,734.5929,1052.3625,2690.84,-1102.0895,1618.5502,2413.2026,1058.2766,1563.6428,2742.3198,-1427.5367,2003.5535,2311.042,801.4934,2049.2651,2480.118,-1421.3768,2160.2893,2300.6843,773.393,2196.6208,2447.1868,-1594.1561,2142.1677,2294.391,595.00653,2176.1304,2384.1626,-1554.5593,2086.025,2297.845,707.5839,2129.2393,2380.3813,-1395.0216,2131.059,2411.5088,520.1496,2140.9358,2522.416,-519.2886,2777.0518,2320.706,602.7271,2751.0085,2182.9126,-446.08453,3469.8423,2573.673,920.9339,3360.9272,1747.7179,-223.36021,3567.27,2654.776,929.6795,3494.0625,1787.1023,-224.48268,3665.641,2302.6482,605.63116,3430.999,1374.5117,-675.66254
IMG_20230313_152825.jpg,down,723.9667,1485.5076,640.027,672.678,1497.4178,731.672,674.6145,1497.7225,731.1211,675.9564,1498.2164,731.1787,658.1188,1516.0914,614.38025,650.15063,1530.4247,613.98425,642.05566,1546.1436,613.6231,682.34924,1554.0815,1182.8076,645.655,1621.8364,637.40643,776.428,1512.8943,820.67566,763.4967,1534.8378,660.9944,1008.90356,1637.4888,1527.0157,739.44275,1782.9504,180.27306,1301.8701,1762.062,1511.4785,960.31445,1976.759,-591.4575,1678.4835,1766.1472,1037.6918,1337.153,1932.2988,-1270.0604,1777.2705,1773.5759,976.8552,1457.4332,1964.1562,-1405.3964,1762.4324,1769.9396,871.2609,1466.1685,1884.5564,-1346.5856,1724.7543,1772.1057,971.2396,1439.1415,1860.6235,-1245.0841,1771.5256,1914.2727,403.7697,1654.8843,1922.2412,-402.79932,2403.716,2175.4922,55.128475,2155.57,1852.8887,-1831.5988,3020.7358,2540.2903,-346.83002,2867.304,1635.8134,-2869.6812,3064.1963,2684.6406,-415.25174,3034.4446,1700.888,-2972.2148,3361.8962,2397.261,-786.67554,3062.3857,1241.9048,-3469.7573
IMG_20230313_152827.jpg,down,407.9745,1952.0336,724.6963,350.82837,1979.9688,794.65295,350.50012,1984.3081,794.2612,350.3723,1989.2721,794.339,344.20532,1991.7388,621.5399,339.43787,2003.6548,621.3982,334.8103,2016.2329,620.7732,363.26587,2060.8394,1113.2898,343.3252,2089.675,320.01184,462.06274,1985.4951,859.2565,449.62573,1995.1483,628.81177,663.99304,2152.5432,1509.1637,458.6682,2207.0251,-336.63272,1048.7549,2214.5176,1656.3427,719.8711,2336.3735,-1190.7856,1333.9459,2104.3591,1233.608,1118.8391,2163.4534,-1691.4642,1449.6075,2089.8813,1189.4216,1258.8677,2173.4102,-1854.8854,1435.4634,2080.627,1037.9368,1249.4194,2107.3127,-1759.9115,1484.6143,2062.8354,1143.1785,1213.3053,2095.767,-1651.7366,1588.5134,2295.916,593.8335,1470.2827,2178.1138,-593.0019,2294.9778,2412.5442,-23.20092,2032.8965,1746.9042,-704.7984,3090.628,2628.955,-420.9758,2777.2314,1438.1584,-1085.1892,3188.4663,2766.367,-483.0096,2956.0735,1495.61,-1124.9513,3407.298,2385.4473,-902.1254,2806.5269,968.3626,-1495.3862
IMG_20230313_152831.jpg,down,1211.179,973.0521,1570.168,1195.9509,970.86206,1733.9679,1206.928,969.3199,1733.724,1217.2471,967.3164,1733.068,1164.7114,987.12305,1667.624,1153.9535,997.449,1667.4197,1143.6721,1007.99176,1666.8085,1231.3522,997.992,2301.6287,1129.2944,1061.1295,2013,1258.9478,991.23267,1762.6451,1225.0889,1004.6583,1674.253,1509.5121,1117.9517,2451.4084,1069.0115,1192.6497,1451.5629,1742.2025,1279.2058,2143.601,972.0181,1329.07,19.453238,1896.8976,1340.9816,1419.6621,1126.096,1445.1748,-1453.6157,2000.5667,1381.5342,1320.6189,1179.7621,1486.331,-1698.6243,1952.3751,1351.0945,1222.0577,1217.4731,1446.6013,-1634.7129,1911.2769,1364.7334,1354.6865,1210.8491,1428.9366,-1454.579,1857.4061,1515.6737,389.10342,1571.5571,1630.9434,-390.13297,2184.62,967.6855,-450.81793,2113.068,1909.0111,-2057.108,2212.0232,1488.8882,-1363.4047,2466.773,2549.5605,-3683.634,2193.7634,1630.71,-1502.8514,2466.53,2692.6917,-3874.367,2439.6753,1497.0173,-1798.1958,2579.1995,2687.4902,-4575.22
IMG_20230313_152841.jpg,down,2128.3384,806.0532,753.26904,2148.2454,823.416,880.35767,2163.9219,834.2547,879.83185,2179.9753,845.9458,879.4065,2106.15,811.9695,912.3917,2092.5684,814.8944,912.6008,2078.897,819.0087,912.3817,2203.6245,924.2321,1338.2512,2037.6112,886.2627,1484.1948,2160.4275,851.10565,909.3688,2105.638,838.3188,948.6506,2324.0132,1130.3518,1146.0286,1820.9806,1087.2424,1597.916,2351.7354,1341.9801,259.98093,1614.187,1287.1173,980.4324,2263.4338,1514.5409,-884.79175,1472.8115,1430.5331,-205.90434,2252.769,1611.5161,-1075.4482,1391.8972,1480.9602,-419.9102,2198.0457,1567.2506,-1136.0767,1427.6194,1466.5525,-477.59253,2186.7712,1534.3917,-921.8678,1466.1455,1454.298,-261.7929,2037.0941,1670.2773,-142.18701,1686.1218,1544.0145,142.17902,1900.9047,2236.1465,-1346.2279,1382.9702,1636.0974,-1381.7155,1568.9242,2889.266,-2657.7349,1099.7369,1787.6681,-2552.2493,1487.0813,2985.7847,-2832.644,1057.0256,1895.2084,-2688.8706,1539.7576,3049.8027,-3449.4482,984.6795,1613.0931,-3110.4646
IMG_20230313_152843.jpg,down,2621.5999,1040.5881,1360.3577,2661.7703,1042.7195,1441.055,2682.6848,1054.1895,1440.6464,2702.7612,1066.5366,1440.375,2606.1704,1025.7106,1502.0087,2588.2673,1023.73126,1502.083,2569.1401,1022.1831,1501.8418,2732.9387,1115.7516,1752.3396,2534.963,1063.5847,2045.7484,2651.1892,1081.7242,1473.2273,2583.4246,1062.9763,1555.1716,2818.0269,1305.5481,1398.681,2311.1248,1231.7217,2161.1309,2806.958,1544.6647,358.99048,2043.3138,1413.4243,1663.21,2649.4631,1668.6573,-890.39557,1837.3466,1546.3965,685.1032,2600.3496,1751.0989,-1104.7397,1762.5815,1576.7365,529.5845,2539.6501,1693.1709,-1121.4288,1787.3749,1560.1105,474.66437,2533.6826,1661.7952,-910.8155,1837.8545,1553.8842,638.5064,2324.5637,1866.615,-256.14725,1999.7406,1666.5791,256.22586,2049.7512,2312.2642,-1627.2471,1503.4565,1721.4825,-666.2314,1670.5258,2945.1494,-2703.1082,974.9035,1880.4835,-1346.6887,1601.0695,3020.8953,-2828.8413,914.9713,1988.3922,-1440.5449,1532.0967,3099.4468,-3410.1982,725.5071,1741.4498,-1863.1096
IMG_20230313_152845.jpg,down,3270.8357,1187.2444,1250.6339,3323.5105,1197.6375,1221.4689,3335.4768,1209.2523,1220.7927,3347.8987,1220.7549,1220.356,3299.6313,1178.3813,1381.496,3294.0547,1175.4701,1381.6765,3288.4656,1173.0269,1381.3833,3370.4844,1278.0616,1133.8582,3295.2554,1220.4309,1874.8704,3263.5151,1233.7891,1219.3828,3234.3088,1211.9813,1432.5144,3355.434,1487.9431,532.1473,3007.9524,1311.8142,2164.3037,3171.504,1639.9927,-524.58386,2659.2546,1473.5356,2022.2261,2868.837,1635.9628,-1424.2701,2444.375,1419.4214,1316.8014,2772.952,1698.846,-1675.3369,2364.3252,1410.3232,1225.3375,2758.8325,1632.8857,-1630.4387,2393.4968,1391.08,1119.8389,2773.68,1605.4976,-1417.6525,2423.8477,1397.0295,1241.7982,2549.3667,1747.8628,-417.69098,2388.5054,1500.5374,417.3128,2004.6147,2092.5068,-1214.0298,1909.7616,1264.1823,-389.63678,1288.7162,2404.65,-1674.7284,1264.7224,1157.0162,-725.65875,1180.7505,2402.8647,-1742.7837,1139.0145,1224.2083,-778.7128,1079.4982,2422.9253,-2328.066,1059.1346,893.8622,-1214.5809
IMG_20230313_152622.jpg,up,2766.7688,1454.2145,-374.80322,2797.2295,1481.9788,-438.81488,2796.508,1488.9495,-438.98337,2795.874,1496.8326,-439.13635,2798.9736,1476.4052,-326.6554,2799.4548,1478.7563,-326.5756,2800.0852,1481.2272,-326.67163,2775.164,1546.8357,-581.4077,2777.2795,1526.1865,-89.77714,2724.6443,1474.3834,-417.96997,2726.8462,1466.398,-274.8794,2582.4065,1580.826,-810.7612,2560.5684,1533.3304,240.96815,2309.3276,1578.1263,-925.16394,2308.892,1499.2094,407.87228,2055.2576,1510.4885,-878.2119,2083.252,1489.332,246.48883,1969.0721,1504.0217,-995.522,1995.6555,1477.9963,245.22598,1977.1387,1478.0671,-973.89105,2005.484,1469.5139,131.04262,1998.4552,1478.4176,-863.2725,2022.5465,1474.7896,193.39696,2032.6484,1571.9465,-230.54747,2029.1519,1540.6353,230.37886,1643.7941,1600.2462,-63.200962,1632.5891,1580.7815,418.29517,1287.5417,1614.898,340.9027,1282.1832,1635.8394,773.0036,1237.5012,1644.0024,372.33588,1245.273,1667.1171,795.01245,1205.2793,1617.821,153.65062,1205.7493,1624.8386,584.7793
IMG_20230313_152625.jpg,up,2634.4473,1269.3235,-633.516,2668.4119,1298.5236,-674.36646,2668.42,1305.8593,-674.61487,2668.5288,1314.0331,-674.9045,2669.5186,1292.4747,-588.9281,2670.6787,1294.7327,-588.86536,2672.3223,1296.9276,-588.98175,2649.2832,1364.503,-718.5579,2654.5361,1340.4503,-348.36032,2597.9282,1284.8547,-638.6543,2597.2354,1275.8655,-530.7066,2436.9314,1399.6814,-909.85626,2448.232,1313.1571,72.0699,2157.54,1369.5112,-881.7632,2186.9148,1305.5234,286.4381,1930.5631,1290.6682,-709.6294,1980.8893,1266.9525,174.75446,1859.3026,1291.168,-795.2436,1941.5406,1251.5928,180.9919,1862.4047,1271.5979,-796.84564,1940.973,1252.0713,91.00067,1882.9205,1268.8801,-700.1226,1950.6908,1257.5216,133.51639,1958.4572,1384.9866,-276.954,1970.2355,1351.3907,276.70364,1637.5173,1358.6879,74.40303,1675.7856,1338.831,638.30774,1352.8154,1367.9683,514.70386,1414.1008,1360.4175,1100.3326,1281.852,1405.7947,547.57227,1367.6951,1402.6471,1138.9087,1263.8828,1250.998,359.47507,1342.8785,1241.333,1022.913
IMG_20230313_152635.jpg,up,2724.401,1296.5331,-267.02158,2768.3706,1328.6155,-347.02405,2768.4438,1337.4958,-347.20282,2768.628,1346.5605,-347.31152,2769.261,1322.7438,-219.76166,2770.1128,1326.706,-219.64511,2771.3882,1331.3501,-219.77429,2748.164,1405.0381,-520.7016,2751.6572,1384.418,45.10388,2679.9429,1319.8529,-315.36038,2680.7437,1309.6482,-151.16779,2557.2837,1452.4858,-848.56995,2524.9863,1370.0933,444.45227,2262.0159,1429.9165,-1085.7506,2251.9463,1353.499,626.1474,2010.0063,1331.8485,-1107.5813,2053.619,1306.2878,409.6867,1915.6854,1334.4576,-1238.307,1970.9702,1304.5829,433.5351,1917.2612,1308.83,-1178.8704,1963.6677,1293.8885,293.5836,1946.708,1303.7568,-1081.9457,1976.2349,1304.6079,344.98126,1946.8086,1402.3636,-397.30206,1952.5652,1359.8054,397.26385,1613.37,1391.3763,-232.06401,1601.1274,1345.6631,655.2208,1220.8152,1397.9506,84.141754,1241.9026,1374.679,1008.00616,1135.585,1453.2119,105.31981,1173.5083,1429.8276,1033.6987,1048.4319,1262.0054,-212.92746,1116.4635,1261.1069,840.28357
IMG_20230313_152639.jpg,up,2465.5332,1345.855,-612.2125,2501.4692,1386.6909,-692.67096,2499.0735,1393.4114,-692.8632,2496.5164,1400.3933,-693.16345,2504.589,1384.9363,-568.3182,2504.5771,1390.1808,-568.1652,2504.3396,1395.5354,-568.276,2465.8198,1450.7179,-838.6,2476.3997,1441.4658,-288.6287,2419.7185,1356.0706,-644.3508,2422.6626,1352.1375,-485.67056,2249.5698,1476.842,-1050.4965,2289.9043,1420.4719,131.0404,1985.5709,1468.1891,-1280.361,2118.0117,1379.2196,729.5961,1762.726,1342.1848,-1440.3298,2021.0076,1253.512,991.4808,1693.3462,1330.7135,-1597.0458,2015.3832,1232.7712,1036.6411,1705.623,1305.4126,-1575.2385,2005.0853,1214.3665,916.13776,1729.6122,1304.7642,-1436.2993,1999.4868,1216.7375,942.9248,1640.4382,1385.0862,-369.78802,1677.5375,1364.3839,369.12198,1423.2201,1345.6138,707.7429,1454.2993,1330.425,1400.07,1192.6458,1346.5006,1766.7946,1249.6965,1323.5044,2526.8828,1133.5051,1410.5363,1882.0061,1194.0612,1382.3153,2646.2065,1105.9966,1229.5374,1728.3892,1151.1572,1222.8365,2578.0435
IMG_20230313_152655.jpg,up,569.1488,2026.2219,-198.68523,503.9214,2055.3088,-111.88882,504.58008,2055.7405,-112.24534,505.4276,2057.2874,-112.399475,500.87537,2081.9858,-264.81412,499.07397,2102.2202,-264.7226,498.18274,2125.5457,-265.0953,541.85486,2137.6982,379.1725,537.36914,2225.3257,-323.66425,646.86035,2045.012,4.751743,644.536,2075.1177,-198.54019,1021.72217,2020.6447,902.6457,872.06506,2410.143,-725.48517,1532.1655,1968.2461,1199.2755,1425.81,2448.9785,-1068.4858,1944.2115,1866.9414,819.18445,1965.9326,2280.6438,-1344.2157,2106.1611,1834.9698,735.95685,2136.6104,2263.0576,-1526.368,2094.486,1825.8186,540.1368,2116.0667,2163.3982,-1548.6068,2033.8003,1855.4594,720.8699,2062.0352,2145.891,-1345.4447,2039.6724,1973.4131,452.1487,2015.9812,2251.121,-452.40497,2816.9795,2075.633,400.38034,2796.2153,2335.6316,-397.73767,3466.8535,2231.2505,925.1911,3527.2764,2361.1238,87.27388,3552.8462,2334.4001,947.7893,3632.8425,2459.9187,110.24994,3679.736,1987.2141,523.253,3841.6465,2152.5085,-482.61932
IMG_20230313_152705.jpg,up,436.40002,2161.236,-261.59586,354.33813,2203.12,-196.56819,351.6648,2209.0117,-196.76614,348.57922,2216.3293,-196.53421,353.15234,2219.4788,-443.9795,349.32996,2235.85,-444.08035,344.5592,2253.7275,-444.80374,367.94678,2314.3508,261.35333,363.20166,2358.042,-855.95935,505.0724,2194.9048,-49.505123,505.60498,2217.1726,-373.60226,822.2389,2304.4229,1051.4005,708.14136,2503.7205,-1414.5305,1375.227,2271.3564,1404.6599,1297.4658,2566.6895,-1798.1176,1855.1608,2164.0518,863.7404,1876.029,2312.9482,-1879.0717,2023.0505,2127.4287,807.39136,2066.9583,2311.0923,-2099.181,2024.8016,2132.7202,576.55206,2061.9077,2244.9885,-2089.486,1965.1882,2146.5166,740.70435,2006.0173,2234.2314,-1856.8296,1947.3644,2247.0508,687.78687,1920.256,2405.854,-687.9845,2756.6248,2313.9207,964.8508,2774.622,2464.8862,-1000.4654,3546.226,2435.7324,1651.5747,3667.3745,2509.2292,-916.1328,3646.588,2537.009,1680.4904,3814.4028,2620.5078,-945.8908,3744.0718,2154.5405,1271.4928,3916.3657,2209.2437,-1636.9191
IMG_20230313_152711.jpg,up,1133.5631,1326.824,926.396,1110.3647,1325.6642,1049.5055,1115.5034,1320.9698,1049.4364,1120.0347,1316.5972,1049.3357,1091.6946,1352.4504,1014.7733,1084.3881,1367.2626,1014.53033,1076.3134,1382.6115,1013.5749,1131.952,1349.4966,1497.6104,1079.2491,1436.6752,1324.786,1172.4677,1335.7136,1084.6915,1152.1783,1363.132,1033.0924,1447.3729,1393.563,1473.4193,1129.6951,1558.92,959.5083,1708.7588,1472.7104,1237.118,1103.3751,1678.1869,85.81876,1901.5093,1525.009,803.0278,1349.1538,1722.7386,-664.2383,1998.3484,1538.4839,736.5591,1439.2214,1778.1812,-795.97943,1978.1426,1543.6226,663.35956,1465.617,1703.9146,-728.6376,1938.8385,1537.671,755.0204,1456.7102,1679.484,-656.50916,1832.0215,1597.8513,101.490036,1642.4061,1757.2932,-101.42258,2260.546,1941.3029,-829.04395,2105.9785,2111.0803,-1167.8705,2798.3079,2363.8267,-1278.0948,2685.9717,2465.1362,-1582.1171,2856.924,2457.9702,-1345.9893,2779.0117,2489.456,-1640.22,2958.7793,2412.1714,-1883.0237,2793.945,2537.6123,-2242.8625
IMG_20230313_152718.jpg,up,316.5442,1231.1941,1451.7197,273.23975,1257.5122,1528.4617,275.09644,1262.7341,1527.9877,275.54492,1266.6537,1527.7985,265.65967,1250.717,1337.7644,263.05383,1251.5272,1337.6527,259.29993,1251.2732,1336.42,310.2212,1311.4423,1741.166,279.84204,1281.9568,880.6476,367.62427,1253.7761,1537.2919,355.0415,1244.4238,1287.4103,612.19055,1482.805,1894.8518,381.93457,1331.0298,59.532837,1068.4175,1623.3176,1980.7638,752.74133,1323.8441,-706.42334,1356.3464,1374.9899,1871.1675,1016.1023,1235.7361,-1094.3341,1453.264,1320.6526,1872.5013,1166.0844,1210.8872,-1192.2534,1439.8041,1285.238,1798.989,1164.1602,1183.5327,-1104.6207,1405.5933,1301.2131,1814.3236,1126.1467,1196.0192,-1052.9349,1527.1458,1529.3627,505.2349,1468.7985,1348.101,-505.46503,2240.2441,1454.117,-113.787025,2196.6545,1363.8938,-1283.1918,3033.3635,1536.5112,-757.39514,3038.7732,1490.9344,-2070.244,3223.3145,1616.4001,-857.4302,3267.1655,1547.0336,-2155.7964,3160.6812,1365.1432,-1203.4017,3162.4846,1162.89,-2628.1482
IMG_20230313_152721.jpg,up,422.5028,1530.954,795.59235,380.9049,1551.8887,930.37244,382.4745,1548.8704,930.1915,383.9037,1546.467,930.25275,375.81445,1580.0995,803.13995,374.63745,1597.3611,802.9761,373.89893,1616.4329,802.12305,406.1521,1595.8567,1499.3004,397.89722,1688.1382,904.01666,475.46448,1531.7244,1011.3437,471.7921,1566.9814,837.89777,796.7273,1479.2555,1749.3436,571.6078,1804.1136,310.02753,1188.0007,1428.2378,1704.9727,741.2152,1946.1082,-769.7937,1508.9697,1331.4453,1174.6072,1150.2343,1814.0427,-1609.6184,1645.8585,1310.1995,1092.9849,1298.6152,1825.2034,-1784.4438,1632.4651,1311.4729,966.726,1281.1646,1735.8699,-1721.2075,1579.9797,1327.6967,1096.4744,1248.4402,1710.3442,-1596.9255,1562.4932,1437.4384,432.49167,1496.1107,1683.3542,-432.15714,2291.3755,1526.7493,-249.98326,2261.8018,1808.3206,-1164.7175,3102.461,1649.585,-528.6078,3087.8801,1845.8104,-1427.2526,3220.1484,1721.4465,-589.8927,3203.196,1898.2196,-1470.4177,3392.6865,1414.7736,-1128.5964,3373.1846,1703.7612,-2132.1309
IMG_20230313_152730.jpg,up,1538.7681,1089.7256,2086.7058,1563.3025,1101.4497,2123.1267,1582.4114,1106.4438,2123.3809,1601.5674,1110.6853,2122.7847,1516.2004,1101.8438,2162.989,1503.6333,1106.4202,2163.1572,1492.1643,1110.7357,2163.0327,1626.1307,1144.2388,2131.3838,1469.8363,1157.7354,2310.2292,1579.5139,1116.773,2078.7075,1522.0532,1117.455,2124.9316,1804.3396,1289.6201,1548.8698,1308.6521,1290.8975,1975.7671,1909.1312,1452.6096,887.8837,1203.7649,1389.5908,1353.849,1897.4597,1619.6494,24.375544,1173.8573,1604.1001,382.44525,1927.7823,1711.802,-125.8479,1139.2952,1696.2461,247.13823,1868.4595,1693.8582,-154.51933,1204.8853,1679.0251,254.40083,1834.2806,1668.9655,-1.0091081,1234.0337,1653.2162,361.66034,1724.2031,1796.9292,-92.71759,1345.8922,1795.6678,92.771454,1663.14,2322.3691,-1354.1912,1254.6342,2320.4001,-1549.6813,1619.777,3121.5854,-2191.489,1297.0692,3106.6333,-2155.1865,1637.0554,3213.9658,-2291.9888,1348.3231,3232.4482,-2238.7388,1697.221,3440.7048,-2887.1372,1212.4047,3312.961,-2938.7878
IMG_20230313_152732.jpg,up,1646.1324,1132.48,2349.579,1670.1543,1123.1516,2381.6804,1686.1102,1125.1633,2381.9531,1701.9148,1126.812,2381.4434,1625.1572,1125.0178,2397.7705,1610.4634,1128.1309,2397.967,1595.8298,1131.1431,2397.51,1721.197,1163.7675,2378.75,1562.2532,1184.7041,2449.1013,1673.4752,1164.4387,2347.8606,1620.6228,1168.8762,2362.4976,1900.0818,1280.259,1813.3531,1390.8455,1281.474,2043.95,2049.927,1472.6077,1123.9756,1281.0398,1410.2561,1124.9728,2000.0596,1527.1824,293.133,1268.2466,1560.5758,-103.68709,2038.3019,1605.335,182.34904,1241.2725,1636.0302,-218.46964,1989.5906,1597.2454,211.84119,1293.2617,1604.4966,-190.41058,1951.1415,1575.8274,289.1815,1313.76,1580.6025,-122.75513,1846.792,1729.8298,-28.699028,1444.8694,1753.0238,28.775135,1843.8132,2357.9727,-1356.3834,1417.5164,2260.7783,-2085.4058,1750.7764,3092.2534,-2146.7192,1370.2859,3075.9937,-2418.1448,1761.2183,3146.9763,-2252.0513,1422.5923,3209.33,-2477.381,1911.9979,3366.56,-2838.6821,1291.535,3291.8108,-3203.898
IMG_20230313_152738.jpg,up,3533.1892,1637.7812,803.66943,3585.8691,1681.3026,810.3064,3589.6802,1697.6089,809.71204,3593.6152,1715.9297,809.52277,3582.0366,1661.1713,938.20374,3582.9292,1661.935,938.391,3584.144,1663.886,938.22845,3573.4707,1792.7947,841.91864,3559.6658,1737.968,1407.4799,3493.035,1676.1409,812.2857,3487.897,1650.601,975.0032,3423.7678,1914.4316,196.08076,3259.7222,1716.839,1799.5492,3160.3801,1963.4832,-425.87064,2935.1309,1688.029,2011.2134,2829.88,1869.136,-849.91754,2650.7507,1694.2341,1847.782,2709.294,1900.0728,-985.02264,2530.343,1665.935,1821.9613,2710.9202,1836.7285,-990.31726,2570.7039,1655.4143,1733.2314,2740.0037,1815.6982,-846.1714,2607.569,1675.2043,1793.0757,2643.5618,1899.448,-486.5767,2548.0193,1779.8601,486.2363,2006.8538,1980.1729,-1078.6366,1916.7059,1845.2244,-305.36438,1354.5323,2080.6934,-1642.434,1345.9174,2050.4292,-780.2933,1237.5134,2216.4922,-1713.9055,1242.45,2164.1802,-854.1634,1097.174,1894.1501,-2203.952,1115.602,1854.3604,-1234.355
